hour,run_id,pipeline,call_count,tokens_total,tokens_input,tokens_output,tokens_cached,models,source_type
2026-03-05 01:00,5031888a1ee14a14bb8427c11143da8f,recipe.chunking.v1,30,338939,328366,10573,66048,gpt-5.1-codex-mini,worker
2026-03-05 01:00,cd168af9984c4bfb8a16528cbdd57eaf,recipe.schemaorg.v1,30,642571,578406,64165,365824,gpt-5.1-codex-mini,worker
2026-03-05 01:00,f198ee9c64684d2985a7770a798019a9,recipe.chunking.v1,20,222720,217381,5339,53504,gpt-5.1-codex-mini,worker
2026-03-05 01:00,5fcf165e5d694f9683ff374b0de3498a,recipe.schemaorg.v1,20,396964,338005,58959,253568,gpt-5.1-codex-mini,worker
2026-03-05 01:00,16af87b626064b449606c3a41428c378,recipe.final.v1,5,1036604,1012243,24361,800128,gpt-5.1-codex-mini,worker
2026-03-05 01:00,e9f9e568623c44ed9fee0eabd62904ec,recipe.final.v1,3,988573,970351,18222,749568,gpt-5.1-codex-mini,worker
2026-03-04 17:00,23238446a78144d0abf4f4752e77b271,recipe.chunking.v1,20,386980,376896,10084,201856,gpt-5.1-codex-mini,worker
2026-03-04 17:00,41d89bd2662b4cc48e12fc615a70e8bf,recipe.schemaorg.v1,20,1151919,1056096,95823,839296,gpt-5.1-codex-mini,worker
2026-03-04 17:00,e5a4a06921fb4a32b9226e2a915045a5,recipe.chunking.v1,3,3486,3486,0,0,gpt-5.3-codex-spark,worker
2026-03-04 17:00,d398e711e77246e893962224f66c04c6,recipe.chunking.v1,3,3480,3480,0,0,gpt-5.3-codex-spark,worker
2026-03-04 17:00,a653bd9031f0464c893eab75685cd055,recipe.chunking.v1,3,3480,3480,0,0,gpt-5.3-codex-spark,worker
2026-03-04 17:00,da40d385e0134a6fbe7a4c58855b6dea,recipe.chunking.v1,3,3480,3480,0,0,gpt-5.3-codex-spark,worker
2026-03-04 17:00,beffa3f0709347bb8b575837bace8d01,recipe.chunking.v1,3,3480,3480,0,0,gpt-5.3-codex-spark,worker
2026-03-04 17:00,e35c62080b934d50bf71c582defd3d7a,recipe.chunking.v1,20,1240892,1218877,22015,936320,gpt-5.1-codex-mini,worker
2026-03-04 17:00,d3a453c18970467ba6b2cb70f4932343,recipe.chunking.v1,3,3480,3480,0,0,gpt-5.3-codex-spark,worker
2026-03-04 17:00,805a900242cc4a57a2ffec3447a17512,recipe.chunking.v1,3,3480,3480,0,0,gpt-5.3-codex-spark,worker
2026-03-04 17:00,eb2948d251ee4e1ab4245a0703f02fba,recipe.chunking.v1,53,1582871,1535102,47769,928640,gpt-5.1-codex-mini,worker
2026-03-04 17:00,020a7ff219a74688bb102085c0e33b5c,recipe.chunking.v1,20,648541,633605,14936,509312,gpt-5.1-codex-mini,worker
2026-03-04 17:00,95389a8b90b94bb281da1334dae3d873,recipe.chunking.v1,3,3480,3480,0,0,gpt-5.3-codex-spark,worker
2026-03-04 17:00,190cfd2c311243a19f26cb94fe0f6237,recipe.chunking.v1,3,3480,3480,0,0,gpt-5.3-codex-spark,worker
2026-03-04 17:00,4835732b6c784c6184e6b275a2be3480,recipe.schemaorg.v1,20,1290002,1181936,108066,1015296,gpt-5.1-codex-mini,worker
2026-03-04 17:00,e84dd0e7cba74fc9866a75a5d6793e3a,recipe.schemaorg.v1,45,2144499,1932002,212497,1567872,gpt-5.1-codex-mini,worker
2026-03-04 17:00,2b8e4388f68745c9890de874787eb5e8,recipe.final.v1,1,161782,153705,8077,125824,gpt-5.1-codex-mini,worker
2026-03-04 16:00,66bc6b10837649659c50e57f44cab062,recipe.chunking.v1,3,3486,3486,0,0,gpt-5.3-codex-spark,worker
2026-03-04 16:00,66377e0a7abd419da90196d8b2fef172,recipe.chunking.v1,3,3480,3480,0,0,gpt-5.3-codex-spark,worker
2026-03-04 16:00,32f5aef014b240648bc1f186a7598231,recipe.chunking.v1,3,3480,3480,0,0,gpt-5.3-codex-spark,worker
2026-03-04 16:00,658341c6031e41ed99f443130e5c06d3,recipe.chunking.v1,3,3480,3480,0,0,gpt-5.3-codex-spark,worker
2026-03-04 16:00,5a664cbc17b446439c80df87583c568a,recipe.chunking.v1,3,3480,3480,0,0,gpt-5.3-codex-spark,worker
2026-03-04 15:00,b6e53652d6a04db0ae5d01f4c9c45875,recipe.chunking.v1,93,740010,740010,0,0,gpt-5.3-codex-spark,worker
2026-03-04 15:00,db81167c38264302bd8d9e0e4d2fa6d6,recipe.chunking.v1,6,4566,4566,0,0,gpt-5.3-codex-spark,worker
2026-03-04 15:00,87561f939d834756a16bdc732a0e5e24,recipe.chunking.v1,6,4566,4566,0,0,gpt-5.3-codex-spark,worker
2026-03-04 15:00,a144c344d9af487c98e9a8ced7f85a79,recipe.chunking.v1,6,4566,4566,0,0,gpt-5.3-codex-spark,worker
2026-03-04 15:00,b29ae396f3b04fd1be2bcbefc220698c,recipe.chunking.v1,86,796594,796594,0,0,gpt-5.3-codex-spark,worker
2026-03-04 15:00,7ef877d333ff4fe4aa1772797673768b,recipe.chunking.v1,101,912061,912061,0,0,gpt-5.3-codex-spark,worker
2026-03-04 15:00,0dcdef8a355a4b8991852172341d3826,recipe.chunking.v1,49,271105,271105,0,0,gpt-5.3-codex-spark,worker
2026-03-04 13:00,51d4386719c042d68c7a6526a4e6cea8,recipe.chunking.v1,67,1146766,1106722,40044,442368,gpt-5.1-codex-mini,worker
2026-03-04 13:00,7884e8fb737c4c8f9e26fc7e721f6680,recipe.schemaorg.v1,67,1768235,1635935,132300,1207552,gpt-5.1-codex-mini,worker
2026-03-04 13:00,7211aba4dcfd46359b362f18a88a58bb,recipe.final.v1,34,12208540,11971129,237411,10306176,gpt-5.1-codex-mini,worker
2026-03-04 12:00,cad2fc83171c41c5bb5524c456a88817,recipe.chunking.v1,12,169285,153852,15433,67584,gpt-5.3-codex-spark,worker
2026-03-04 12:00,c54f11aa745e43499a442eee5ebac9ce,recipe.schemaorg.v1,15,169096,139473,29623,67584,gpt-5.3-codex-spark,worker
2026-03-04 12:00,6808dda521b24af6b7099c61650d1e87,recipe.schemaorg.v1,20,233023,169971,63052,90112,gpt-5.3-codex-spark,worker
2026-03-04 12:00,9701c32890904ef796d8cabcba619fc1,recipe.schemaorg.v1,67,655757,546855,108902,360448,gpt-5.3-codex-spark,worker
2026-03-04 12:00,142c322df8824e87adf3ede9fe61aa9f,recipe.final.v1,15,438836,403324,35512,296192,gpt-5.3-codex-spark,worker
2026-03-04 12:00,294df11aa12a4f8ba3dc76d32874e073,recipe.final.v1,4,140845,128835,12010,105600,gpt-5.3-codex-spark,worker
2026-03-04 12:00,5525b2bad8c743a998cc8c64a481f0e1,recipe.final.v1,45,3248630,3121901,126729,2800384,gpt-5.3-codex-spark,worker
2026-03-04 12:00,31687a383e124e6abe7b8c0964d79233,recipe.chunking.v1,18,246787,231293,15494,101376,gpt-5.3-codex-spark,worker
2026-03-04 12:00,448e168c1e6f428593804f032f2d5a7a,recipe.schemaorg.v1,18,265169,201285,63884,101376,gpt-5.3-codex-spark,worker
2026-03-04 12:00,c0192ac0cb8e44fbb968eaffdb834eed,recipe.final.v1,9,762881,733920,28961,655488,gpt-5.3-codex-spark,worker
2026-03-04 12:00,e50b645c5479469ab34f285232635d5b,recipe.chunking.v1,39,628333,590326,38007,219648,gpt-5.3-codex-spark,worker
2026-03-04 12:00,d7e63aa8d3ff4f2eb47bc92b1045aafa,recipe.schemaorg.v1,39,443238,335664,107574,219648,gpt-5.3-codex-spark,worker
2026-03-04 12:00,7c25a449f81841e8840dfae27bf7fd62,recipe.final.v1,13,778433,735967,42466,665344,gpt-5.3-codex-spark,worker
2026-03-04 11:00,2f232862ccfd4b4084d30b6e3f074e89,recipe.chunking.v1,30,390739,369706,21033,90112,gpt-5.3-codex-spark,worker
2026-03-04 11:00,cad2fc83171c41c5bb5524c456a88817,recipe.chunking.v1,55,783362,711984,71378,275968,gpt-5.3-codex-spark,worker
2026-03-04 11:00,4dd8d60607a0483386e19927a0b6ceaa,recipe.chunking.v1,20,254123,244941,9182,112640,gpt-5.3-codex-spark,worker
2026-03-04 11:00,c54f11aa745e43499a442eee5ebac9ce,recipe.schemaorg.v1,15,180626,146760,33866,16896,gpt-5.3-codex-spark,worker
2026-03-04 06:00,44db5509245a4681a1c349b911e25db4,recipe.final.v1,2,1967694,1949426,18268,1831424,gpt-5.3-codex-spark,worker
2026-03-04 06:00,924567ccfece4d03b9173f343ce9dcee,recipe.chunking.v1,2,14632,13634,998,13312,gpt-5.3-codex-spark,worker
2026-03-04 06:00,e89f830dd5474bebbb03577ad7371a50,recipe.chunking.v1,2,15996,12946,3050,0,gpt-5.3-codex-spark,worker
2026-03-04 06:00,1596d674d2af4de98059c8224c907869,recipe.schemaorg.v1,2,19026,14274,4752,0,gpt-5.3-codex-spark,worker
2026-03-04 06:00,50d1ef489651457f9e18e186e74616fe,recipe.schemaorg.v1,2,15436,13350,2086,0,gpt-5.3-codex-spark,worker
2026-03-04 06:00,c2ab31e71383458588fd8ca0d80f12cc,recipe.chunking.v1,4,30966,28832,2134,11264,gpt-5.3-codex-spark,worker
2026-03-04 06:00,087ef63354734c6b9d347b5cf2b5537f,recipe.schemaorg.v1,4,32250,27436,4814,11264,gpt-5.3-codex-spark,worker
2026-03-04 06:00,694274710dd64cb895da085e9ff3b6c6,recipe.chunking.v1,6,6972,6972,0,0,gpt-5.3-codex-spark,worker
2026-03-04 06:00,21c0e42a288c44c0a5eb92d1204b648d,recipe.chunking.v1,6,6972,6972,0,0,gpt-5.3-codex-spark,worker
2026-03-04 06:00,edcec9e1d11149759db449faaa78589d,recipe.chunking.v1,60,855150,739412,115738,157696,gpt-5.3-codex-spark,worker
2026-03-04 06:00,0a4cd342882141adb207d02fb9015244,recipe.schemaorg.v1,60,847660,578426,269234,146432,gpt-5.3-codex-spark,worker
2026-03-04 06:00,2550c75f994447cb85d9bbfee21be73f,recipe.chunking.v1,6,6972,6972,0,0,gpt-5.3-codex-spark,worker
2026-03-04 06:00,4880a2fa968c41a1b3cc4ecefd854e00,recipe.chunking.v1,6,6960,6960,0,0,gpt-5.3-codex-spark,worker
2026-03-04 06:00,bf77b94f7de54da18d3ab1e38ef05fa9,recipe.chunking.v1,6,6960,6960,0,0,gpt-5.3-codex-spark,worker
2026-03-04 06:00,07b075f23b2f4d4f8b463214883903db,recipe.chunking.v1,6,6960,6960,0,0,gpt-5.3-codex-spark,worker
2026-03-04 06:00,e24411b9cf184ed8b4eeb1af2027f766,recipe.chunking.v1,6,6960,6960,0,0,gpt-5.3-codex-spark,worker
2026-03-04 06:00,0c2f307c23b34f15a8a0ebf6fe01f244,recipe.final.v1,6,7027478,6946652,80826,6567936,gpt-5.3-codex-spark,worker
2026-03-04 06:00,cdf7ba18c700474a8da85224d03d7aae,recipe.chunking.v1,6,6972,6972,0,0,gpt-5.3-codex-spark,worker
2026-03-04 06:00,c9e3c06ec04a4bf2beed3daaf66e795d,recipe.chunking.v1,6,6960,6960,0,0,gpt-5.3-codex-spark,worker
2026-03-04 06:00,6b9660b2aeba4db5be2e148f6ba6470d,recipe.chunking.v1,6,6960,6960,0,0,gpt-5.3-codex-spark,worker
2026-03-04 06:00,a9e1b84375d146baa0ba1e5f2739fff7,recipe.chunking.v1,6,6960,6960,0,0,gpt-5.3-codex-spark,worker
2026-03-04 06:00,5830a07e1a45466183705d3e97d3ded3,recipe.chunking.v1,6,6960,6960,0,0,gpt-5.3-codex-spark,worker
2026-03-04 06:00,485ed386bdbd48299eba6a080b73fd14,recipe.chunking.v1,6,4566,4566,0,0,gpt-5.3-codex-spark,worker
2026-03-04 06:00,3141f4f3aad2483ea73bdbc3b85aeceb,recipe.chunking.v1,3,3486,3486,0,0,gpt-5.3-codex-spark,worker
2026-03-04 06:00,96eae5f9b0d54e22a1f65274f887bb89,recipe.chunking.v1,3,3480,3480,0,0,gpt-5.3-codex-spark,worker
2026-03-04 06:00,2601ec25c7f44b04adc977a0589dcb1a,recipe.chunking.v1,3,3480,3480,0,0,gpt-5.3-codex-spark,worker
2026-03-04 06:00,5d19a38423f44e15ac92f389a82a9781,recipe.chunking.v1,3,3480,3480,0,0,gpt-5.3-codex-spark,worker
2026-03-04 06:00,ea98da2dd13f4c2c91b8045a61614716,recipe.chunking.v1,3,3480,3480,0,0,gpt-5.3-codex-spark,worker
2026-03-04 06:00,cd6d62672ed248f38fa642a325d2a47d,recipe.chunking.v1,6,4566,4566,0,0,gpt-5.3-codex-spark,worker
2026-03-04 06:00,2a318781264a4ea887224d3733abd942,recipe.chunking.v1,30,426397,369706,56691,178688,gpt-5.3-codex-spark,worker
2026-03-04 06:00,99209d71ccda4ea5aeda4a3bbcc527fa,recipe.chunking.v1,67,1210259,865836,344423,366080,gpt-5.3-codex-spark,worker
2026-03-04 06:00,46eeae61acfd4ad6a67f18786f2cca87,recipe.schemaorg.v1,30,423071,289446,133625,144384,gpt-5.3-codex-spark,worker
2026-03-04 06:00,22b856e401044f12a15aadca45853509,recipe.chunking.v1,20,266841,244941,21900,112640,gpt-5.3-codex-spark,worker
2026-03-04 06:00,1797f899eb1043438ca8e802794fdb57,recipe.schemaorg.v1,20,309806,164228,145578,101376,gpt-5.3-codex-spark,worker
2026-03-04 06:00,01f9bd92650f47bd820b72287364f577,recipe.chunking.v1,3,3486,3486,0,0,gpt-5.3-codex-spark,worker
2026-03-04 06:00,ff34d285b229465caf51e2819ed59806,recipe.schemaorg.v1,67,151134,151134,0,0,gpt-5.3-codex-spark,worker
2026-03-04 06:00,e3b25edaf2364191b59384262493d520,recipe.chunking.v1,3,3480,3480,0,0,gpt-5.3-codex-spark,worker
2026-03-04 06:00,60b9aa26d6c94d0da6ad2c6ecdd985fe,recipe.chunking.v1,3,3480,3480,0,0,gpt-5.3-codex-spark,worker
2026-03-04 06:00,2ed3edbd57e44193b254fbc8bbc19815,recipe.final.v1,2,3476,3476,0,0,gpt-5.3-codex-spark,worker
2026-03-04 06:00,ceb0d63a9936422fa3b9d1db9870ee9f,recipe.final.v1,16,21159,21159,0,0,gpt-5.3-codex-spark,worker
2026-03-04 06:00,e5d02f3dbc9b437facdb020d3d2c0068,recipe.chunking.v1,3,3480,3480,0,0,gpt-5.3-codex-spark,worker
2026-03-04 06:00,a621fc10180e4515a36bd08801643678,recipe.chunking.v1,3,3480,3480,0,0,gpt-5.3-codex-spark,worker
2026-03-04 06:00,d5cd4b3730db43a6a7c881556fb9ceb0,recipe.chunking.v1,6,4566,4566,0,0,gpt-5.3-codex-spark,worker
2026-03-04 05:00,1d01ca1d9c464e9eb050d84aa61f6385,recipe.chunking.v1,94,644288,644288,0,0,gpt-5.3-codex-spark,worker
2026-03-04 05:00,cd3d228aaa9840748d4b2c8146fd7805,recipe.chunking.v1,92,635080,635080,0,0,gpt-5.3-codex-spark,worker
2026-03-04 05:00,96a43a17e6cc45c6a3bfc96afcfd0ffa,recipe.chunking.v1,2,14822,13634,1188,0,gpt-5.3-codex-spark,worker
2026-03-04 05:00,01337ca6df264859a05948584b56dde3,recipe.schemaorg.v1,2,17704,14274,3430,0,gpt-5.3-codex-spark,worker
2026-03-04 05:00,721aad7e174e4b66887e4997d2a03bdb,recipe.final.v1,2,1556556,1537752,18804,1414912,gpt-5.3-codex-spark,worker
2026-03-04 05:00,d0516043c7b242b1854920e331ecb3e4,recipe.chunking.v1,2,15618,13634,1984,0,gpt-5.3-codex-spark,worker
2026-03-04 05:00,1d2700d73bcd4d42b5259931cde464e1,recipe.schemaorg.v1,2,17766,14274,3492,0,gpt-5.3-codex-spark,worker
2026-03-04 05:00,c06d74499a0745bdbfa1e0cd6117715d,recipe.final.v1,2,241690,229538,12152,201216,gpt-5.3-codex-spark,worker
2026-03-04 05:00,aaddb14d05f2479080f77851e8ed0fdb,recipe.chunking.v1,4,31018,28344,2674,0,gpt-5.3-codex-spark,worker
2026-03-04 05:00,92593a1b7c0a47dcb189a73fd6016c72,recipe.schemaorg.v1,4,31600,27436,4164,11264,gpt-5.3-codex-spark,worker
2026-03-04 05:00,0870e79e74fc470aa24ad1a9154ebac3,recipe.final.v1,2,1136862,1120354,16508,1029632,gpt-5.3-codex-spark,worker
2026-03-04 05:00,3439e94b7da2456fa1210b808449b642,recipe.chunking.v1,2,14644,13634,1010,0,gpt-5.3-codex-spark,worker
2026-03-04 05:00,0c1e712e5bbd4882836a5e10a80fb302,recipe.schemaorg.v1,2,17896,14274,3622,0,gpt-5.3-codex-spark,worker
2026-03-04 05:00,47e1c59085494c578d12e4fffb92b681,recipe.final.v1,2,24406,12672,11734,12288,gpt-5.3-codex-spark,worker
2026-03-04 05:00,0b050efd35514a9db78a8206eb10f0f5,recipe.chunking.v1,2,14752,13634,1118,13312,gpt-5.3-codex-spark,worker
2026-03-04 05:00,c18494e5d3384c4681b0e23e1fa337ca,recipe.schemaorg.v1,2,19740,14274,5466,14080,gpt-5.3-codex-spark,worker
2026-03-04 05:00,58e9b776978746d99494f0ef0feb5520,recipe.chunking.v1,2,14960,13634,1326,0,gpt-5.3-codex-spark,worker
2026-03-04 05:00,13ea615be996401fb63bf39bfa230dbb,recipe.schemaorg.v1,2,17798,14274,3524,0,gpt-5.3-codex-spark,worker
2026-03-04 05:00,56a0d71a154a4883a767ae234b614cf3,recipe.final.v1,2,2243766,2222658,21108,2073344,gpt-5.3-codex-spark,worker
2026-03-04 05:00,38ce635f5cb0410b88cc53ed995b38ab,recipe.chunking.v1,2,15326,13888,1438,11264,gpt-5.3-codex-spark,worker
2026-03-04 05:00,dc10ced2db5e41ee958892acb8a1b40b,recipe.schemaorg.v1,2,19170,13660,5510,11264,gpt-5.3-codex-spark,worker
2026-03-04 05:00,2984f48c935f4436b5ca6d9a0e61bcfb,recipe.chunking.v1,2,15168,13634,1534,0,gpt-5.3-codex-spark,worker
2026-03-04 05:00,bf833db1910142b1a4ea9d4aa708fe2e,recipe.schemaorg.v1,2,18616,14274,4342,14080,gpt-5.3-codex-spark,worker
2026-03-04 05:00,6098ad4725da4b07b1f3b895e4a6cbc0,recipe.final.v1,2,2767636,2738334,29302,2599680,gpt-5.3-codex-spark,worker
2026-03-04 04:00,0216b7f5b97142f4ac53465a8cd2530b,recipe.chunking.v1,92,633532,633532,0,0,gpt-5.3-codex-spark,worker
2026-03-04 04:00,666095b4a880461eb3a18686a05f01e2,recipe.chunking.v1,60,781936,739412,42524,315392,gpt-5.3-codex-spark,worker
2026-03-04 04:00,667a1d418bd8494d99d6e1184ed6630f,recipe.schemaorg.v1,68,750674,618200,132474,281600,gpt-5.3-codex-spark,worker
2026-03-04 04:00,8455fc0a4b3744248cb70fa4a5bcde61,recipe.chunking.v1,134,1955346,1731672,223674,754688,gpt-5.3-codex-spark,worker
2026-03-04 04:00,f4641662b0124cf798e5e129025ec689,recipe.schemaorg.v1,134,1295054,1085664,209390,732160,gpt-5.3-codex-spark,worker
2026-03-04 04:00,4affcb1fe223440093dee9340868ec2b,recipe.final.v1,110,8175458,7859354,316104,7123200,gpt-5.3-codex-spark,worker
2026-03-04 04:00,97fc9a39d87b4c12bcdc6d2a52839ce7,recipe.chunking.v1,40,509220,489882,19338,214016,gpt-5.3-codex-spark,worker
2026-03-04 04:00,230cc39ab94a460e9d3a033e05656e1d,recipe.schemaorg.v1,40,467520,339942,127578,229376,gpt-5.3-codex-spark,worker
2026-03-04 04:00,b971f66c1a27410cb0858ead9a736ff1,recipe.final.v1,36,1523146,1431192,91954,1273600,gpt-5.3-codex-spark,worker
2026-03-04 04:00,89dc23b9289d4a3c841097320aad6ce5,recipe.chunking.v1,36,498222,462586,35636,202752,gpt-5.3-codex-spark,worker
2026-03-04 04:00,837fdd432d684e8eb3818d72b3790326,recipe.schemaorg.v1,36,503958,389766,114192,202752,gpt-5.3-codex-spark,worker
2026-03-04 04:00,48c03c63ffb2413284ccd72397134b88,recipe.final.v1,30,1716168,1619356,96812,1446400,gpt-5.3-codex-spark,worker
2026-03-04 04:00,7219571090514b5f9490fe340f21ba1f,recipe.chunking.v1,78,1257448,1181314,76134,439296,gpt-5.3-codex-spark,worker
2026-03-04 04:00,8d57d4f6ca8a4bfb9b0b16df2c0be908,recipe.schemaorg.v1,78,881002,670442,210560,439296,gpt-5.3-codex-spark,worker
2026-03-04 04:00,4f8c8a4cbaf14617a7649b8ed4500146,recipe.final.v1,70,3749578,3572350,177228,3177984,gpt-5.3-codex-spark,worker
2026-03-04 04:00,93598b76cc18443c8bc3773d37daa6fa,recipe.chunking.v1,98,1299628,1209870,89758,551936,gpt-5.3-codex-spark,worker
2026-03-04 04:00,ae22164dcdb64f43adf846d170243005,recipe.schemaorg.v1,98,1025222,838406,186816,551936,gpt-5.3-codex-spark,worker
2026-03-04 04:00,b00876c761424807ba4f09066661e878,recipe.final.v1,96,5380884,5123936,256948,4598272,gpt-5.3-codex-spark,worker
2026-03-04 03:00,dd86f81f77134dbc8a6706ef7c014a83,recipe.chunking.v1,34,476892,446284,30608,123904,gpt-5.3-codex-spark,worker
2026-03-04 03:00,9c4b41d44df64c88aebf214b4793891d,recipe.schemaorg.v1,34,464692,372886,91806,101376,gpt-5.3-codex-spark,worker
2026-03-04 03:00,cf00be57d8684181b8b3217afe890a71,recipe.final.v1,34,4190200,4075058,115142,3579648,gpt-5.3-codex-spark,worker
2026-03-04 03:00,a772f0398aa44ab389a863675fca583d,recipe.chunking.v1,34,472984,446284,26700,184064,gpt-5.3-codex-spark,worker
2026-03-04 03:00,55fe419654024aa2b35882e22e204efd,recipe.schemaorg.v1,34,466364,370700,95664,169216,gpt-5.3-codex-spark,worker
2026-03-04 03:00,14bfe984a2394a1abc66265c192a1996,recipe.final.v1,34,1156584,1051976,104608,901376,gpt-5.3-codex-spark,worker
2026-03-04 03:00,6f27f653b39045498ce9ae6501c86b94,recipe.chunking.v1,34,490912,446284,44628,180224,gpt-5.3-codex-spark,worker
2026-03-04 03:00,7fe28e3eddf2407f9fd93de6ab89fae9,recipe.schemaorg.v1,34,475556,380248,95308,197632,gpt-5.3-codex-spark,worker
2026-03-04 03:00,5fb840473dc645ea878c97d4d4fff61f,recipe.final.v1,2,518948,507894,11054,449024,gpt-5.3-codex-spark,worker
2026-03-04 03:00,d85e07af039546b9bda203c4348691e2,recipe.chunking.v1,36,494394,462586,31808,202752,gpt-5.3-codex-spark,worker
2026-03-04 03:00,7cb64ba01878468699d0b6a874d374fa,recipe.schemaorg.v1,36,512310,389974,122336,191488,gpt-5.3-codex-spark,worker
2026-03-04 03:00,36810d3bdf784d799096769b9ee5f471,recipe.final.v1,28,3138424,3046184,92240,2772992,gpt-5.3-codex-spark,worker
2026-03-04 03:00,a204545d427d44d1884c867dc77197cd,recipe.chunking.v1,40,508002,489882,18120,225280,gpt-5.3-codex-spark,worker
2026-03-04 03:00,3412409585dc4375886864a9856b031c,recipe.schemaorg.v1,40,477898,339942,137956,225280,gpt-5.3-codex-spark,worker
2026-03-04 03:00,6731171590014929a40bc3c94f5272f0,recipe.final.v1,34,2200920,2120866,80054,1881344,gpt-5.3-codex-spark,worker
2026-03-04 01:00,97b36f3396fe4ce5af4853be617273cd,recipe.chunking.v1,36,533360,522994,10366,200448,gpt-5.2,worker
2026-03-04 01:00,b1e4fa7991104e4686e1fc1efe533f1d,recipe.schemaorg.v1,36,533262,453868,79394,249344,gpt-5.2,worker
2026-03-04 01:00,0339c6c9be214223928ab9f70bf4b78a,recipe.final.v1,32,2087642,2023714,63928,1783552,gpt-5.2,worker
2026-03-04 01:00,34024d59508845078ad2a8267b3f3dc7,recipe.chunking.v1,36,425684,412978,12706,49152,gpt-5.1-codex-mini,worker
2026-03-04 01:00,f63f0fbd3a06469eaabb77d59eee897c,recipe.schemaorg.v1,36,622800,499946,122854,224256,gpt-5.1-codex-mini,worker
2026-03-04 01:00,cc158a86d1a14df4837d1ea7a13ac6c9,recipe.final.v1,32,11595384,11304088,291296,9443328,gpt-5.1-codex-mini,worker
2026-03-04 01:00,ec1cd64a39f94b158744127352288a9e,recipe.chunking.v1,36,504852,462586,42266,135936,gpt-5.3-codex-spark,worker
2026-03-04 01:00,9742204605b14305a4a4933b679a1732,recipe.schemaorg.v1,36,518490,394594,123896,142080,gpt-5.3-codex-spark,worker
2026-03-04 01:00,3005e23655b44fd9aad2daecbf6847b5,recipe.final.v1,30,1684696,1570782,113914,1339904,gpt-5.3-codex-spark,worker
2026-03-04 00:00,b39066ed5f8b435b87d0c04128dab019,recipe.chunking.v1,34,521150,446284,74866,45056,gpt-5.3-codex-spark,worker
2026-03-04 00:00,21fe2194cef14f1d9bedcd449a879e78,recipe.schemaorg.v1,34,555448,380248,175200,22528,gpt-5.3-codex-spark,worker
2026-03-04 00:00,0d3cedd6368d48d7ae1da71e29c00e19,recipe.final.v1,34,30598808,30113728,485080,28057600,gpt-5.3-codex-spark,worker
2026-03-04 00:00,4a04c55b74e849848437595901c58774,recipe.chunking.v1,36,508014,462586,45428,77056,gpt-5.3-codex-spark,worker
2026-03-04 00:00,7121584ca205412ebe7ecf5dce981060,recipe.schemaorg.v1,36,527148,408192,118956,67584,gpt-5.3-codex-spark,worker
2026-03-04 00:00,106a149105234173b0e2bb3c13d30e81,recipe.final.v1,26,1534994,1459560,75434,1231616,gpt-5.3-codex-spark,worker
2026-03-03 23:00,cc591f840e8043838932c52b9fa106d0,recipe.chunking.v1,36,491164,462586,28578,33792,gpt-5.3-codex-spark,worker
2026-03-03 23:00,500f1e5e52374d7d8194ee72e50c5e23,recipe.schemaorg.v1,36,514474,393562,120912,73472,gpt-5.3-codex-spark,worker
2026-03-03 23:00,f4c357161903493aa0b684040bf6d1e8,recipe.final.v1,20,892692,829296,63396,671488,gpt-5.3-codex-spark,worker
2026-03-03 22:00,0aebb0d8a73644e78c77355005fc9144,recipe.schemaorg.v1,24,316558,221528,95030,101376,gpt-5.2,worker
2026-03-03 22:00,98631910ff9b48dc9e301913cd0bb346,recipe.chunking.v1,40,650590,553322,97268,197376,gpt-5.2,worker
2026-03-03 22:00,fefb300137de4d438c89f6b9393bb43a,recipe.schemaorg.v1,36,1172728,700002,472726,411648,gpt-5.2,worker
2026-03-03 22:00,fee9de2234c34e95bc62888838247877,recipe.final.v1,96,201126,201126,0,0,gpt-5.2,worker
2026-03-03 21:00,2d23ff44050c4532956b9354662d5cab,recipe.final.v1,12,545408,514334,31074,462592,gpt-5.2,worker
2026-03-03 21:00,19211a45041645d8b44d1f88d0c402b5,recipe.chunking.v1,38,648928,538144,110784,214528,gpt-5.2,worker
2026-03-03 21:00,0aebb0d8a73644e78c77355005fc9144,recipe.schemaorg.v1,48,522184,368982,153202,107520,gpt-5.2,worker
2026-03-03 20:00,8ecd7ef90f484427a2b699e977d995a2,recipe.chunking.v1,36,537656,462586,75070,172544,gpt-5.3-codex-spark,worker
2026-03-03 20:00,2f944b61bc4c467bab8f725e9cb62004,recipe.schemaorg.v1,36,706646,409590,297056,203264,gpt-5.3-codex-spark,worker
2026-03-03 20:00,15cfc7886e6043acb70d1e926d8459fb,recipe.final.v1,34,27595736,27103328,492408,25545728,gpt-5.3-codex-spark,worker
2026-03-03 20:00,1d89f9590955471b840e396cde65dedb,recipe.chunking.v1,36,511310,462586,48724,56320,gpt-5.3-codex-spark,worker
2026-03-03 20:00,d943f3c1a9be48af827090cf557f83b9,recipe.schemaorg.v1,36,577532,400320,177212,67584,gpt-5.3-codex-spark,worker
2026-03-03 20:00,403d69d9de08443abbc17aee3bd26687,recipe.final.v1,34,16806256,16515126,291130,15338240,gpt-5.3-codex-spark,worker
2026-03-03 20:00,62d9e52fec8843d6966609a433316438,recipe.chunking.v1,36,521660,462586,59074,198400,gpt-5.3-codex-spark,worker
2026-03-03 20:00,6ba319c3f218418788845cfb36102992,recipe.schemaorg.v1,36,544574,378566,166008,177408,gpt-5.3-codex-spark,worker
2026-03-03 20:00,fc99e49a3ab64f5bbe4f3e9966629f36,recipe.chunking.v1,36,491848,462586,29262,67584,gpt-5.3-codex-spark,worker
2026-03-03 20:00,329acf9f6c8645b787533751cb87e8f1,recipe.schemaorg.v1,36,507666,390886,116780,56320,gpt-5.3-codex-spark,worker
2026-03-03 20:00,4b16710fb19147899087d2201116196a,recipe.final.v1,24,2463250,2377770,85480,2042368,gpt-5.3-codex-spark,worker
2026-03-03 20:00,3d1b1abcb7b8407b852fa048a01b8fa9,recipe.chunking.v1,36,543292,522994,20298,188928,gpt-5.2,worker
2026-03-03 20:00,853d00ab001c49d19d58bd782491d5eb,recipe.schemaorg.v1,36,551788,449008,102780,171264,gpt-5.2,worker
2026-03-03 20:00,2d23ff44050c4532956b9354662d5cab,recipe.final.v1,28,2858906,2743690,115216,2490112,gpt-5.2,worker
2026-03-03 19:00,19b7927c4e4e47cabdb56f34d9a2d494,recipe.chunking.v1,36,539332,462586,76746,173056,gpt-5.3-codex-spark,worker
2026-03-03 19:00,69ccfb6766d54f8b92b7683ce717687a,recipe.schemaorg.v1,36,676220,403604,272616,127744,gpt-5.3-codex-spark,worker
2026-03-03 19:00,776f8488e9bb42ce93f4385bb51f9fa0,recipe.final.v1,22,26614474,26292902,321572,24657408,gpt-5.3-codex-spark,worker
2026-03-03 18:00,901966ed44194a318397c59b3a767004,recipe.chunking.v1,36,497668,462586,35082,51712,gpt-5.3-codex-spark,worker
2026-03-03 18:00,f0518bf80d8947ba9ad6534a39c3166e,recipe.schemaorg.v1,36,393834,309678,84156,45056,gpt-5.3-codex-spark,worker
2026-03-03 18:00,1caeac451da44655993da4c3a0967c10,recipe.final.v1,14,1738992,1683394,55598,1481728,gpt-5.3-codex-spark,worker
2026-03-03 18:00,4fa7a4eb482740a287fd4c697639eef5,recipe.chunking.v1,36,530268,462586,67682,112640,gpt-5.3-codex-spark,worker
2026-03-03 18:00,af72147b46a04b53bf76ecae49474dad,recipe.schemaorg.v1,36,512546,320728,191818,112640,gpt-5.3-codex-spark,worker
2026-03-03 18:00,4e6277e014314ab395a24f1d255498e2,recipe.final.v1,18,11071208,10897340,173868,10168064,gpt-5.3-codex-spark,worker
2026-03-03 18:00,10adda0f2a2d401aa8b7dd519cb487c3,recipe.chunking.v1,36,586384,462586,123798,45056,gpt-5.3-codex-spark,worker
2026-03-03 18:00,439f910139694cdc9138e413a0385e2e,recipe.schemaorg.v1,36,537866,320702,217164,56320,gpt-5.3-codex-spark,worker
2026-03-03 18:00,d7c2318c18ac447a89f6b8818fa62ef3,recipe.final.v1,22,11551602,11296156,255446,10601472,gpt-5.3-codex-spark,worker
2026-03-03 17:00,d9b738978c224f5a9150d0e75d34afca,recipe.chunking.v1,38,544352,480354,63998,50176,gpt-5.3-codex-spark,worker
2026-03-03 17:00,be904708f6594708ba554b9b4a4e67a1,recipe.schemaorg.v1,38,527704,334440,193264,67584,gpt-5.3-codex-spark,worker
2026-03-03 17:00,fe7544027f424e9387c6322110155410,recipe.final.v1,38,38304740,37856178,448562,35755008,gpt-5.3-codex-spark,worker
2026-03-03 06:00,80e7017409b44ec3b95e47cad8c5e8e9,recipe.chunking.v1,38,562076,480354,81722,191488,gpt-5.3-codex-spark,worker
2026-03-03 06:00,525fa96cc9a84b34b997a9cb2ef344b3,recipe.schemaorg.v1,38,443150,293066,150084,191488,gpt-5.3-codex-spark,worker
2026-03-03 06:00,378ae009bfbd4018a76c2ba140ddc74a,recipe.final.v1,38,29494740,29047084,447656,27317504,gpt-5.3-codex-spark,worker
2026-03-03 05:00,ff193703e7a14121a4daba9520bcdd81,recipe.chunking.v1,106,1798560,1602004,196556,526080,gpt-5.3-codex-spark,worker
2026-03-03 05:00,3980bec3102540d8b2b3c64356386879,recipe.schemaorg.v1,92,933224,678310,254914,458496,gpt-5.3-codex-spark,worker
2026-03-03 05:00,a9b5d4d7b6194ca4b0f54b58968d7076,recipe.final.v1,52,24636620,24274936,361684,22861312,gpt-5.3-codex-spark,worker
2026-03-03 04:00,caa5ebfeb30342bcb364396fad280800,recipe.chunking.v1,38,548162,480354,67808,90112,gpt-5.3-codex-spark,worker
2026-03-03 04:00,241202f60041442e9bd4fad65655917c,recipe.schemaorg.v1,38,468892,303026,165866,59648,gpt-5.3-codex-spark,worker
2026-03-03 04:00,77538cd646d8437bb475b5761aa40726,recipe.final.v1,38,26313330,25901148,412182,24143616,gpt-5.3-codex-spark,worker
2026-03-03 04:00,d9669c3daccc49178a926b874ffe2923,recipe.chunking.v1,38,548816,480354,68462,161536,gpt-5.3-codex-spark,worker
2026-03-03 04:00,784d111e8bb54e0ebb74306339790b37,recipe.schemaorg.v1,38,476050,300314,175736,177664,gpt-5.3-codex-spark,worker
2026-03-03 04:00,58b41c5e5b6c401fb39a46edde6cf506,recipe.final.v1,32,37080568,36644002,436566,34751744,gpt-5.3-codex-spark,worker
2026-03-03 02:00,eb788fb58c834470b13c7917d2b90c03,recipe.chunking.v1,78,1303746,1185928,117818,360448,gpt-5.3-codex-spark,worker
2026-03-03 02:00,c23c86364f134f309e63e448c0299b9d,recipe.schemaorg.v1,78,810520,560208,250312,360448,gpt-5.3-codex-spark,worker
2026-03-03 02:00,e18752bf0359403198f9c42d07aa7f53,recipe.final.v1,74,36238580,35669228,569352,33445888,gpt-5.3-codex-spark,worker
2026-02-28 07:00,1ce683a574bb4abcb935ef0257f2107a,recipe.chunking.v1,168,13894398,13367262,527136,11491072,gpt-5.3-codex-spark,worker
