hour,run_id,pipeline,call_count,tokens_total,tokens_input,tokens_output,tokens_cached,models
2026-03-05 01:00,5031888a1ee14a14bb8427c11143da8f,recipe.chunking.v1,30,338939,328366,10573,66048,gpt-5.1-codex-mini
2026-03-05 01:00,cd168af9984c4bfb8a16528cbdd57eaf,recipe.schemaorg.v1,30,642571,578406,64165,365824,gpt-5.1-codex-mini
2026-03-05 01:00,f198ee9c64684d2985a7770a798019a9,recipe.chunking.v1,20,222720,217381,5339,53504,gpt-5.1-codex-mini
2026-03-05 01:00,5fcf165e5d694f9683ff374b0de3498a,recipe.schemaorg.v1,20,396964,338005,58959,253568,gpt-5.1-codex-mini
2026-03-05 01:00,16af87b626064b449606c3a41428c378,recipe.final.v1,5,1036604,1012243,24361,800128,gpt-5.1-codex-mini
2026-03-05 01:00,e9f9e568623c44ed9fee0eabd62904ec,recipe.final.v1,3,988573,970351,18222,749568,gpt-5.1-codex-mini
2026-03-04 17:00,23238446a78144d0abf4f4752e77b271,recipe.chunking.v1,20,386980,376896,10084,201856,gpt-5.1-codex-mini
2026-03-04 17:00,41d89bd2662b4cc48e12fc615a70e8bf,recipe.schemaorg.v1,20,1151919,1056096,95823,839296,gpt-5.1-codex-mini
2026-03-04 17:00,e5a4a06921fb4a32b9226e2a915045a5,recipe.chunking.v1,3,3486,3486,0,0,gpt-5.3-codex-spark
2026-03-04 17:00,d398e711e77246e893962224f66c04c6,recipe.chunking.v1,3,3480,3480,0,0,gpt-5.3-codex-spark
2026-03-04 17:00,a653bd9031f0464c893eab75685cd055,recipe.chunking.v1,3,3480,3480,0,0,gpt-5.3-codex-spark
2026-03-04 17:00,da40d385e0134a6fbe7a4c58855b6dea,recipe.chunking.v1,3,3480,3480,0,0,gpt-5.3-codex-spark
2026-03-04 17:00,beffa3f0709347bb8b575837bace8d01,recipe.chunking.v1,3,3480,3480,0,0,gpt-5.3-codex-spark
2026-03-04 17:00,e35c62080b934d50bf71c582defd3d7a,recipe.chunking.v1,20,1240892,1218877,22015,936320,gpt-5.1-codex-mini
2026-03-04 17:00,d3a453c18970467ba6b2cb70f4932343,recipe.chunking.v1,3,3480,3480,0,0,gpt-5.3-codex-spark
2026-03-04 17:00,805a900242cc4a57a2ffec3447a17512,recipe.chunking.v1,3,3480,3480,0,0,gpt-5.3-codex-spark
2026-03-04 17:00,eb2948d251ee4e1ab4245a0703f02fba,recipe.chunking.v1,53,1582871,1535102,47769,928640,gpt-5.1-codex-mini
2026-03-04 17:00,020a7ff219a74688bb102085c0e33b5c,recipe.chunking.v1,20,648541,633605,14936,509312,gpt-5.1-codex-mini
2026-03-04 17:00,95389a8b90b94bb281da1334dae3d873,recipe.chunking.v1,3,3480,3480,0,0,gpt-5.3-codex-spark
2026-03-04 17:00,190cfd2c311243a19f26cb94fe0f6237,recipe.chunking.v1,3,3480,3480,0,0,gpt-5.3-codex-spark
2026-03-04 17:00,4835732b6c784c6184e6b275a2be3480,recipe.schemaorg.v1,20,1290002,1181936,108066,1015296,gpt-5.1-codex-mini
2026-03-04 17:00,e84dd0e7cba74fc9866a75a5d6793e3a,recipe.schemaorg.v1,45,2144499,1932002,212497,1567872,gpt-5.1-codex-mini
2026-03-04 17:00,2b8e4388f68745c9890de874787eb5e8,recipe.final.v1,1,161782,153705,8077,125824,gpt-5.1-codex-mini
2026-03-04 16:00,66bc6b10837649659c50e57f44cab062,recipe.chunking.v1,3,3486,3486,0,0,gpt-5.3-codex-spark
2026-03-04 16:00,66377e0a7abd419da90196d8b2fef172,recipe.chunking.v1,3,3480,3480,0,0,gpt-5.3-codex-spark
2026-03-04 16:00,32f5aef014b240648bc1f186a7598231,recipe.chunking.v1,3,3480,3480,0,0,gpt-5.3-codex-spark
2026-03-04 16:00,658341c6031e41ed99f443130e5c06d3,recipe.chunking.v1,3,3480,3480,0,0,gpt-5.3-codex-spark
2026-03-04 16:00,5a664cbc17b446439c80df87583c568a,recipe.chunking.v1,3,3480,3480,0,0,gpt-5.3-codex-spark
2026-03-04 15:00,b6e53652d6a04db0ae5d01f4c9c45875,recipe.chunking.v1,93,740010,740010,0,0,gpt-5.3-codex-spark
2026-03-04 15:00,db81167c38264302bd8d9e0e4d2fa6d6,recipe.chunking.v1,6,4566,4566,0,0,gpt-5.3-codex-spark
2026-03-04 15:00,87561f939d834756a16bdc732a0e5e24,recipe.chunking.v1,6,4566,4566,0,0,gpt-5.3-codex-spark
2026-03-04 15:00,a144c344d9af487c98e9a8ced7f85a79,recipe.chunking.v1,6,4566,4566,0,0,gpt-5.3-codex-spark
2026-03-04 15:00,b29ae396f3b04fd1be2bcbefc220698c,recipe.chunking.v1,86,796594,796594,0,0,gpt-5.3-codex-spark
2026-03-04 15:00,7ef877d333ff4fe4aa1772797673768b,recipe.chunking.v1,101,912061,912061,0,0,gpt-5.3-codex-spark
2026-03-04 15:00,0dcdef8a355a4b8991852172341d3826,recipe.chunking.v1,49,271105,271105,0,0,gpt-5.3-codex-spark
2026-03-04 13:00,51d4386719c042d68c7a6526a4e6cea8,recipe.chunking.v1,67,1146766,1106722,40044,442368,gpt-5.1-codex-mini
2026-03-04 13:00,7884e8fb737c4c8f9e26fc7e721f6680,recipe.schemaorg.v1,67,1768235,1635935,132300,1207552,gpt-5.1-codex-mini
2026-03-04 13:00,7211aba4dcfd46359b362f18a88a58bb,recipe.final.v1,34,12208540,11971129,237411,10306176,gpt-5.1-codex-mini
2026-03-04 12:00,cad2fc83171c41c5bb5524c456a88817,recipe.chunking.v1,12,169285,153852,15433,67584,gpt-5.3-codex-spark
2026-03-04 12:00,c54f11aa745e43499a442eee5ebac9ce,recipe.schemaorg.v1,15,169096,139473,29623,67584,gpt-5.3-codex-spark
2026-03-04 12:00,6808dda521b24af6b7099c61650d1e87,recipe.schemaorg.v1,20,233023,169971,63052,90112,gpt-5.3-codex-spark
2026-03-04 12:00,9701c32890904ef796d8cabcba619fc1,recipe.schemaorg.v1,67,655757,546855,108902,360448,gpt-5.3-codex-spark
2026-03-04 12:00,142c322df8824e87adf3ede9fe61aa9f,recipe.final.v1,15,438836,403324,35512,296192,gpt-5.3-codex-spark
2026-03-04 12:00,294df11aa12a4f8ba3dc76d32874e073,recipe.final.v1,4,140845,128835,12010,105600,gpt-5.3-codex-spark
2026-03-04 12:00,5525b2bad8c743a998cc8c64a481f0e1,recipe.final.v1,45,3248630,3121901,126729,2800384,gpt-5.3-codex-spark
2026-03-04 12:00,31687a383e124e6abe7b8c0964d79233,recipe.chunking.v1,18,246787,231293,15494,101376,gpt-5.3-codex-spark
2026-03-04 12:00,448e168c1e6f428593804f032f2d5a7a,recipe.schemaorg.v1,18,265169,201285,63884,101376,gpt-5.3-codex-spark
2026-03-04 12:00,c0192ac0cb8e44fbb968eaffdb834eed,recipe.final.v1,9,762881,733920,28961,655488,gpt-5.3-codex-spark
2026-03-04 12:00,e50b645c5479469ab34f285232635d5b,recipe.chunking.v1,39,628333,590326,38007,219648,gpt-5.3-codex-spark
2026-03-04 12:00,d7e63aa8d3ff4f2eb47bc92b1045aafa,recipe.schemaorg.v1,39,443238,335664,107574,219648,gpt-5.3-codex-spark
2026-03-04 12:00,7c25a449f81841e8840dfae27bf7fd62,recipe.final.v1,13,778433,735967,42466,665344,gpt-5.3-codex-spark
2026-03-04 11:00,2f232862ccfd4b4084d30b6e3f074e89,recipe.chunking.v1,30,390739,369706,21033,90112,gpt-5.3-codex-spark
2026-03-04 11:00,cad2fc83171c41c5bb5524c456a88817,recipe.chunking.v1,55,783362,711984,71378,275968,gpt-5.3-codex-spark
2026-03-04 11:00,4dd8d60607a0483386e19927a0b6ceaa,recipe.chunking.v1,20,254123,244941,9182,112640,gpt-5.3-codex-spark
2026-03-04 11:00,c54f11aa745e43499a442eee5ebac9ce,recipe.schemaorg.v1,15,180626,146760,33866,16896,gpt-5.3-codex-spark
2026-03-04 06:00,44db5509245a4681a1c349b911e25db4,recipe.final.v1,1,983847,974713,9134,915712,gpt-5.3-codex-spark
2026-03-04 06:00,924567ccfece4d03b9173f343ce9dcee,recipe.chunking.v1,1,7316,6817,499,6656,gpt-5.3-codex-spark
2026-03-04 06:00,e89f830dd5474bebbb03577ad7371a50,recipe.chunking.v1,1,7998,6473,1525,0,gpt-5.3-codex-spark
2026-03-04 06:00,1596d674d2af4de98059c8224c907869,recipe.schemaorg.v1,1,9513,7137,2376,0,gpt-5.3-codex-spark
2026-03-04 06:00,50d1ef489651457f9e18e186e74616fe,recipe.schemaorg.v1,1,7718,6675,1043,0,gpt-5.3-codex-spark
2026-03-04 06:00,c2ab31e71383458588fd8ca0d80f12cc,recipe.chunking.v1,2,15483,14416,1067,5632,gpt-5.3-codex-spark
2026-03-04 06:00,087ef63354734c6b9d347b5cf2b5537f,recipe.schemaorg.v1,2,16125,13718,2407,5632,gpt-5.3-codex-spark
2026-03-04 06:00,694274710dd64cb895da085e9ff3b6c6,recipe.chunking.v1,3,3486,3486,0,0,gpt-5.3-codex-spark
2026-03-04 06:00,21c0e42a288c44c0a5eb92d1204b648d,recipe.chunking.v1,3,3486,3486,0,0,gpt-5.3-codex-spark
2026-03-04 06:00,edcec9e1d11149759db449faaa78589d,recipe.chunking.v1,30,427575,369706,57869,78848,gpt-5.3-codex-spark
2026-03-04 06:00,0a4cd342882141adb207d02fb9015244,recipe.schemaorg.v1,30,423830,289213,134617,73216,gpt-5.3-codex-spark
2026-03-04 06:00,2550c75f994447cb85d9bbfee21be73f,recipe.chunking.v1,3,3486,3486,0,0,gpt-5.3-codex-spark
2026-03-04 06:00,4880a2fa968c41a1b3cc4ecefd854e00,recipe.chunking.v1,3,3480,3480,0,0,gpt-5.3-codex-spark
2026-03-04 06:00,bf77b94f7de54da18d3ab1e38ef05fa9,recipe.chunking.v1,3,3480,3480,0,0,gpt-5.3-codex-spark
2026-03-04 06:00,07b075f23b2f4d4f8b463214883903db,recipe.chunking.v1,3,3480,3480,0,0,gpt-5.3-codex-spark
2026-03-04 06:00,e24411b9cf184ed8b4eeb1af2027f766,recipe.chunking.v1,3,3480,3480,0,0,gpt-5.3-codex-spark
2026-03-04 06:00,0c2f307c23b34f15a8a0ebf6fe01f244,recipe.final.v1,3,3513739,3473326,40413,3283968,gpt-5.3-codex-spark
2026-03-04 06:00,cdf7ba18c700474a8da85224d03d7aae,recipe.chunking.v1,3,3486,3486,0,0,gpt-5.3-codex-spark
2026-03-04 06:00,c9e3c06ec04a4bf2beed3daaf66e795d,recipe.chunking.v1,3,3480,3480,0,0,gpt-5.3-codex-spark
2026-03-04 06:00,6b9660b2aeba4db5be2e148f6ba6470d,recipe.chunking.v1,3,3480,3480,0,0,gpt-5.3-codex-spark
2026-03-04 06:00,a9e1b84375d146baa0ba1e5f2739fff7,recipe.chunking.v1,3,3480,3480,0,0,gpt-5.3-codex-spark
2026-03-04 06:00,5830a07e1a45466183705d3e97d3ded3,recipe.chunking.v1,3,3480,3480,0,0,gpt-5.3-codex-spark
2026-03-04 06:00,485ed386bdbd48299eba6a080b73fd14,recipe.chunking.v1,6,4566,4566,0,0,gpt-5.3-codex-spark
2026-03-04 06:00,3141f4f3aad2483ea73bdbc3b85aeceb,recipe.chunking.v1,3,3486,3486,0,0,gpt-5.3-codex-spark
2026-03-04 06:00,96eae5f9b0d54e22a1f65274f887bb89,recipe.chunking.v1,3,3480,3480,0,0,gpt-5.3-codex-spark
2026-03-04 06:00,2601ec25c7f44b04adc977a0589dcb1a,recipe.chunking.v1,3,3480,3480,0,0,gpt-5.3-codex-spark
2026-03-04 06:00,5d19a38423f44e15ac92f389a82a9781,recipe.chunking.v1,3,3480,3480,0,0,gpt-5.3-codex-spark
2026-03-04 06:00,ea98da2dd13f4c2c91b8045a61614716,recipe.chunking.v1,3,3480,3480,0,0,gpt-5.3-codex-spark
2026-03-04 06:00,cd6d62672ed248f38fa642a325d2a47d,recipe.chunking.v1,6,4566,4566,0,0,gpt-5.3-codex-spark
2026-03-04 06:00,2a318781264a4ea887224d3733abd942,recipe.chunking.v1,30,426397,369706,56691,178688,gpt-5.3-codex-spark
2026-03-04 06:00,99209d71ccda4ea5aeda4a3bbcc527fa,recipe.chunking.v1,67,1210259,865836,344423,366080,gpt-5.3-codex-spark
2026-03-04 06:00,46eeae61acfd4ad6a67f18786f2cca87,recipe.schemaorg.v1,30,423071,289446,133625,144384,gpt-5.3-codex-spark
2026-03-04 06:00,22b856e401044f12a15aadca45853509,recipe.chunking.v1,20,266841,244941,21900,112640,gpt-5.3-codex-spark
2026-03-04 06:00,1797f899eb1043438ca8e802794fdb57,recipe.schemaorg.v1,20,309806,164228,145578,101376,gpt-5.3-codex-spark
2026-03-04 06:00,01f9bd92650f47bd820b72287364f577,recipe.chunking.v1,3,3486,3486,0,0,gpt-5.3-codex-spark
2026-03-04 06:00,ff34d285b229465caf51e2819ed59806,recipe.schemaorg.v1,67,151134,151134,0,0,gpt-5.3-codex-spark
2026-03-04 06:00,e3b25edaf2364191b59384262493d520,recipe.chunking.v1,3,3480,3480,0,0,gpt-5.3-codex-spark
2026-03-04 06:00,60b9aa26d6c94d0da6ad2c6ecdd985fe,recipe.chunking.v1,3,3480,3480,0,0,gpt-5.3-codex-spark
2026-03-04 06:00,2ed3edbd57e44193b254fbc8bbc19815,recipe.final.v1,2,3476,3476,0,0,gpt-5.3-codex-spark
2026-03-04 06:00,ceb0d63a9936422fa3b9d1db9870ee9f,recipe.final.v1,16,21159,21159,0,0,gpt-5.3-codex-spark
2026-03-04 06:00,e5d02f3dbc9b437facdb020d3d2c0068,recipe.chunking.v1,3,3480,3480,0,0,gpt-5.3-codex-spark
2026-03-04 06:00,a621fc10180e4515a36bd08801643678,recipe.chunking.v1,3,3480,3480,0,0,gpt-5.3-codex-spark
2026-03-04 06:00,d5cd4b3730db43a6a7c881556fb9ceb0,recipe.chunking.v1,6,4566,4566,0,0,gpt-5.3-codex-spark
2026-03-04 05:00,1d01ca1d9c464e9eb050d84aa61f6385,recipe.chunking.v1,47,322144,322144,0,0,gpt-5.3-codex-spark
2026-03-04 05:00,cd3d228aaa9840748d4b2c8146fd7805,recipe.chunking.v1,46,317540,317540,0,0,gpt-5.3-codex-spark
2026-03-04 05:00,96a43a17e6cc45c6a3bfc96afcfd0ffa,recipe.chunking.v1,1,7411,6817,594,0,gpt-5.3-codex-spark
2026-03-04 05:00,01337ca6df264859a05948584b56dde3,recipe.schemaorg.v1,1,8852,7137,1715,0,gpt-5.3-codex-spark
2026-03-04 05:00,721aad7e174e4b66887e4997d2a03bdb,recipe.final.v1,1,778278,768876,9402,707456,gpt-5.3-codex-spark
2026-03-04 05:00,d0516043c7b242b1854920e331ecb3e4,recipe.chunking.v1,1,7809,6817,992,0,gpt-5.3-codex-spark
2026-03-04 05:00,1d2700d73bcd4d42b5259931cde464e1,recipe.schemaorg.v1,1,8883,7137,1746,0,gpt-5.3-codex-spark
2026-03-04 05:00,c06d74499a0745bdbfa1e0cd6117715d,recipe.final.v1,1,120845,114769,6076,100608,gpt-5.3-codex-spark
2026-03-04 05:00,aaddb14d05f2479080f77851e8ed0fdb,recipe.chunking.v1,2,15509,14172,1337,0,gpt-5.3-codex-spark
2026-03-04 05:00,92593a1b7c0a47dcb189a73fd6016c72,recipe.schemaorg.v1,2,15800,13718,2082,5632,gpt-5.3-codex-spark
2026-03-04 05:00,0870e79e74fc470aa24ad1a9154ebac3,recipe.final.v1,1,568431,560177,8254,514816,gpt-5.3-codex-spark
2026-03-04 05:00,3439e94b7da2456fa1210b808449b642,recipe.chunking.v1,1,7322,6817,505,0,gpt-5.3-codex-spark
2026-03-04 05:00,0c1e712e5bbd4882836a5e10a80fb302,recipe.schemaorg.v1,1,8948,7137,1811,0,gpt-5.3-codex-spark
2026-03-04 05:00,47e1c59085494c578d12e4fffb92b681,recipe.final.v1,1,12203,6336,5867,6144,gpt-5.3-codex-spark
2026-03-04 05:00,0b050efd35514a9db78a8206eb10f0f5,recipe.chunking.v1,1,7376,6817,559,6656,gpt-5.3-codex-spark
2026-03-04 05:00,c18494e5d3384c4681b0e23e1fa337ca,recipe.schemaorg.v1,1,9870,7137,2733,7040,gpt-5.3-codex-spark
2026-03-04 05:00,58e9b776978746d99494f0ef0feb5520,recipe.chunking.v1,1,7480,6817,663,0,gpt-5.3-codex-spark
2026-03-04 05:00,13ea615be996401fb63bf39bfa230dbb,recipe.schemaorg.v1,1,8899,7137,1762,0,gpt-5.3-codex-spark
2026-03-04 05:00,56a0d71a154a4883a767ae234b614cf3,recipe.final.v1,1,1121883,1111329,10554,1036672,gpt-5.3-codex-spark
2026-03-04 05:00,38ce635f5cb0410b88cc53ed995b38ab,recipe.chunking.v1,1,7663,6944,719,5632,gpt-5.3-codex-spark
2026-03-04 05:00,dc10ced2db5e41ee958892acb8a1b40b,recipe.schemaorg.v1,1,9585,6830,2755,5632,gpt-5.3-codex-spark
2026-03-04 05:00,2984f48c935f4436b5ca6d9a0e61bcfb,recipe.chunking.v1,1,7584,6817,767,0,gpt-5.3-codex-spark
2026-03-04 05:00,bf833db1910142b1a4ea9d4aa708fe2e,recipe.schemaorg.v1,1,9308,7137,2171,7040,gpt-5.3-codex-spark
2026-03-04 05:00,6098ad4725da4b07b1f3b895e4a6cbc0,recipe.final.v1,1,1383818,1369167,14651,1299840,gpt-5.3-codex-spark
2026-03-04 04:00,0216b7f5b97142f4ac53465a8cd2530b,recipe.chunking.v1,46,316766,316766,0,0,gpt-5.3-codex-spark
2026-03-04 04:00,666095b4a880461eb3a18686a05f01e2,recipe.chunking.v1,30,390968,369706,21262,157696,gpt-5.3-codex-spark
2026-03-04 04:00,667a1d418bd8494d99d6e1184ed6630f,recipe.schemaorg.v1,34,375337,309100,66237,140800,gpt-5.3-codex-spark
2026-03-04 04:00,8455fc0a4b3744248cb70fa4a5bcde61,recipe.chunking.v1,67,977673,865836,111837,377344,gpt-5.3-codex-spark
2026-03-04 04:00,f4641662b0124cf798e5e129025ec689,recipe.schemaorg.v1,67,647527,542832,104695,366080,gpt-5.3-codex-spark
2026-03-04 04:00,4affcb1fe223440093dee9340868ec2b,recipe.final.v1,55,4087729,3929677,158052,3561600,gpt-5.3-codex-spark
2026-03-04 04:00,97fc9a39d87b4c12bcdc6d2a52839ce7,recipe.chunking.v1,20,254610,244941,9669,107008,gpt-5.3-codex-spark
2026-03-04 04:00,230cc39ab94a460e9d3a033e05656e1d,recipe.schemaorg.v1,20,233760,169971,63789,114688,gpt-5.3-codex-spark
2026-03-04 04:00,b971f66c1a27410cb0858ead9a736ff1,recipe.final.v1,18,761573,715596,45977,636800,gpt-5.3-codex-spark
2026-03-04 04:00,89dc23b9289d4a3c841097320aad6ce5,recipe.chunking.v1,18,249111,231293,17818,101376,gpt-5.3-codex-spark
2026-03-04 04:00,837fdd432d684e8eb3818d72b3790326,recipe.schemaorg.v1,18,251979,194883,57096,101376,gpt-5.3-codex-spark
2026-03-04 04:00,48c03c63ffb2413284ccd72397134b88,recipe.final.v1,15,858084,809678,48406,723200,gpt-5.3-codex-spark
2026-03-04 04:00,7219571090514b5f9490fe340f21ba1f,recipe.chunking.v1,39,628724,590657,38067,219648,gpt-5.3-codex-spark
2026-03-04 04:00,8d57d4f6ca8a4bfb9b0b16df2c0be908,recipe.schemaorg.v1,39,440501,335221,105280,219648,gpt-5.3-codex-spark
2026-03-04 04:00,4f8c8a4cbaf14617a7649b8ed4500146,recipe.final.v1,35,1874789,1786175,88614,1588992,gpt-5.3-codex-spark
2026-03-04 04:00,93598b76cc18443c8bc3773d37daa6fa,recipe.chunking.v1,49,649814,604935,44879,275968,gpt-5.3-codex-spark
2026-03-04 04:00,ae22164dcdb64f43adf846d170243005,recipe.schemaorg.v1,49,512611,419203,93408,275968,gpt-5.3-codex-spark
2026-03-04 04:00,b00876c761424807ba4f09066661e878,recipe.final.v1,48,2690442,2561968,128474,2299136,gpt-5.3-codex-spark
2026-03-04 03:00,dd86f81f77134dbc8a6706ef7c014a83,recipe.chunking.v1,17,238446,223142,15304,61952,gpt-5.3-codex-spark
2026-03-04 03:00,9c4b41d44df64c88aebf214b4793891d,recipe.schemaorg.v1,17,232346,186443,45903,50688,gpt-5.3-codex-spark
2026-03-04 03:00,cf00be57d8684181b8b3217afe890a71,recipe.final.v1,17,2095100,2037529,57571,1789824,gpt-5.3-codex-spark
2026-03-04 03:00,a772f0398aa44ab389a863675fca583d,recipe.chunking.v1,17,236492,223142,13350,92032,gpt-5.3-codex-spark
2026-03-04 03:00,55fe419654024aa2b35882e22e204efd,recipe.schemaorg.v1,17,233182,185350,47832,84608,gpt-5.3-codex-spark
2026-03-04 03:00,14bfe984a2394a1abc66265c192a1996,recipe.final.v1,17,578292,525988,52304,450688,gpt-5.3-codex-spark
2026-03-04 03:00,6f27f653b39045498ce9ae6501c86b94,recipe.chunking.v1,17,245456,223142,22314,90112,gpt-5.3-codex-spark
2026-03-04 03:00,7fe28e3eddf2407f9fd93de6ab89fae9,recipe.schemaorg.v1,17,237778,190124,47654,98816,gpt-5.3-codex-spark
2026-03-04 03:00,5fb840473dc645ea878c97d4d4fff61f,recipe.final.v1,1,259474,253947,5527,224512,gpt-5.3-codex-spark
2026-03-04 03:00,d85e07af039546b9bda203c4348691e2,recipe.chunking.v1,18,247197,231293,15904,101376,gpt-5.3-codex-spark
2026-03-04 03:00,7cb64ba01878468699d0b6a874d374fa,recipe.schemaorg.v1,18,256155,194987,61168,95744,gpt-5.3-codex-spark
2026-03-04 03:00,36810d3bdf784d799096769b9ee5f471,recipe.final.v1,14,1569212,1523092,46120,1386496,gpt-5.3-codex-spark
2026-03-04 03:00,a204545d427d44d1884c867dc77197cd,recipe.chunking.v1,20,254001,244941,9060,112640,gpt-5.3-codex-spark
2026-03-04 03:00,3412409585dc4375886864a9856b031c,recipe.schemaorg.v1,20,238949,169971,68978,112640,gpt-5.3-codex-spark
2026-03-04 03:00,6731171590014929a40bc3c94f5272f0,recipe.final.v1,17,1100460,1060433,40027,940672,gpt-5.3-codex-spark
2026-03-04 01:00,97b36f3396fe4ce5af4853be617273cd,recipe.chunking.v1,18,266680,261497,5183,100224,gpt-5.2
2026-03-04 01:00,b1e4fa7991104e4686e1fc1efe533f1d,recipe.schemaorg.v1,18,266631,226934,39697,124672,gpt-5.2
2026-03-04 01:00,0339c6c9be214223928ab9f70bf4b78a,recipe.final.v1,16,1043821,1011857,31964,891776,gpt-5.2
2026-03-04 01:00,34024d59508845078ad2a8267b3f3dc7,recipe.chunking.v1,18,212842,206489,6353,24576,gpt-5.1-codex-mini
2026-03-04 01:00,f63f0fbd3a06469eaabb77d59eee897c,recipe.schemaorg.v1,18,311400,249973,61427,112128,gpt-5.1-codex-mini
2026-03-04 01:00,cc158a86d1a14df4837d1ea7a13ac6c9,recipe.final.v1,16,5797692,5652044,145648,4721664,gpt-5.1-codex-mini
2026-03-04 01:00,ec1cd64a39f94b158744127352288a9e,recipe.chunking.v1,18,252426,231293,21133,67968,gpt-5.3-codex-spark
2026-03-04 01:00,9742204605b14305a4a4933b679a1732,recipe.schemaorg.v1,18,259245,197297,61948,71040,gpt-5.3-codex-spark
2026-03-04 01:00,3005e23655b44fd9aad2daecbf6847b5,recipe.final.v1,15,842348,785391,56957,669952,gpt-5.3-codex-spark
2026-03-04 00:00,b39066ed5f8b435b87d0c04128dab019,recipe.chunking.v1,17,260575,223142,37433,22528,gpt-5.3-codex-spark
2026-03-04 00:00,21fe2194cef14f1d9bedcd449a879e78,recipe.schemaorg.v1,17,277724,190124,87600,11264,gpt-5.3-codex-spark
2026-03-04 00:00,0d3cedd6368d48d7ae1da71e29c00e19,recipe.final.v1,17,15299404,15056864,242540,14028800,gpt-5.3-codex-spark
2026-03-04 00:00,4a04c55b74e849848437595901c58774,recipe.chunking.v1,18,254007,231293,22714,38528,gpt-5.3-codex-spark
2026-03-04 00:00,7121584ca205412ebe7ecf5dce981060,recipe.schemaorg.v1,18,263574,204096,59478,33792,gpt-5.3-codex-spark
2026-03-04 00:00,106a149105234173b0e2bb3c13d30e81,recipe.final.v1,13,767497,729780,37717,615808,gpt-5.3-codex-spark
2026-03-03 23:00,cc591f840e8043838932c52b9fa106d0,recipe.chunking.v1,18,245582,231293,14289,16896,gpt-5.3-codex-spark
2026-03-03 23:00,500f1e5e52374d7d8194ee72e50c5e23,recipe.schemaorg.v1,18,257237,196781,60456,36736,gpt-5.3-codex-spark
2026-03-03 23:00,f4c357161903493aa0b684040bf6d1e8,recipe.final.v1,10,446346,414648,31698,335744,gpt-5.3-codex-spark
2026-03-03 22:00,0aebb0d8a73644e78c77355005fc9144,recipe.schemaorg.v1,12,158279,110764,47515,50688,gpt-5.2
2026-03-03 22:00,98631910ff9b48dc9e301913cd0bb346,recipe.chunking.v1,20,325295,276661,48634,98688,gpt-5.2
2026-03-03 22:00,fefb300137de4d438c89f6b9393bb43a,recipe.schemaorg.v1,18,586364,350001,236363,205824,gpt-5.2
2026-03-03 22:00,fee9de2234c34e95bc62888838247877,recipe.final.v1,48,100563,100563,0,0,gpt-5.2
2026-03-03 21:00,2d23ff44050c4532956b9354662d5cab,recipe.final.v1,6,272704,257167,15537,231296,gpt-5.2
2026-03-03 21:00,19211a45041645d8b44d1f88d0c402b5,recipe.chunking.v1,19,324464,269072,55392,107264,gpt-5.2
2026-03-03 21:00,0aebb0d8a73644e78c77355005fc9144,recipe.schemaorg.v1,24,261092,184491,76601,53760,gpt-5.2
2026-03-03 20:00,8ecd7ef90f484427a2b699e977d995a2,recipe.chunking.v1,18,268828,231293,37535,86272,gpt-5.3-codex-spark
2026-03-03 20:00,2f944b61bc4c467bab8f725e9cb62004,recipe.schemaorg.v1,18,353323,204795,148528,101632,gpt-5.3-codex-spark
2026-03-03 20:00,15cfc7886e6043acb70d1e926d8459fb,recipe.final.v1,17,13797868,13551664,246204,12772864,gpt-5.3-codex-spark
2026-03-03 20:00,1d89f9590955471b840e396cde65dedb,recipe.chunking.v1,18,255655,231293,24362,28160,gpt-5.3-codex-spark
2026-03-03 20:00,d943f3c1a9be48af827090cf557f83b9,recipe.schemaorg.v1,18,288766,200160,88606,33792,gpt-5.3-codex-spark
2026-03-03 20:00,403d69d9de08443abbc17aee3bd26687,recipe.final.v1,17,8403128,8257563,145565,7669120,gpt-5.3-codex-spark
2026-03-03 20:00,62d9e52fec8843d6966609a433316438,recipe.chunking.v1,18,260830,231293,29537,99200,gpt-5.3-codex-spark
2026-03-03 20:00,6ba319c3f218418788845cfb36102992,recipe.schemaorg.v1,18,272287,189283,83004,88704,gpt-5.3-codex-spark
2026-03-03 20:00,fc99e49a3ab64f5bbe4f3e9966629f36,recipe.chunking.v1,18,245924,231293,14631,33792,gpt-5.3-codex-spark
2026-03-03 20:00,329acf9f6c8645b787533751cb87e8f1,recipe.schemaorg.v1,18,253833,195443,58390,28160,gpt-5.3-codex-spark
2026-03-03 20:00,4b16710fb19147899087d2201116196a,recipe.final.v1,12,1231625,1188885,42740,1021184,gpt-5.3-codex-spark
2026-03-03 20:00,3d1b1abcb7b8407b852fa048a01b8fa9,recipe.chunking.v1,18,271646,261497,10149,94464,gpt-5.2
2026-03-03 20:00,853d00ab001c49d19d58bd782491d5eb,recipe.schemaorg.v1,18,275894,224504,51390,85632,gpt-5.2
2026-03-03 20:00,2d23ff44050c4532956b9354662d5cab,recipe.final.v1,14,1429453,1371845,57608,1245056,gpt-5.2
2026-03-03 19:00,19b7927c4e4e47cabdb56f34d9a2d494,recipe.chunking.v1,18,269666,231293,38373,86528,gpt-5.3-codex-spark
2026-03-03 19:00,69ccfb6766d54f8b92b7683ce717687a,recipe.schemaorg.v1,18,338110,201802,136308,63872,gpt-5.3-codex-spark
2026-03-03 19:00,776f8488e9bb42ce93f4385bb51f9fa0,recipe.final.v1,11,13307237,13146451,160786,12328704,gpt-5.3-codex-spark
2026-03-03 18:00,901966ed44194a318397c59b3a767004,recipe.chunking.v1,18,248834,231293,17541,25856,gpt-5.3-codex-spark
2026-03-03 18:00,f0518bf80d8947ba9ad6534a39c3166e,recipe.schemaorg.v1,18,196917,154839,42078,22528,gpt-5.3-codex-spark
2026-03-03 18:00,1caeac451da44655993da4c3a0967c10,recipe.final.v1,7,869496,841697,27799,740864,gpt-5.3-codex-spark
2026-03-03 18:00,4fa7a4eb482740a287fd4c697639eef5,recipe.chunking.v1,18,265134,231293,33841,56320,gpt-5.3-codex-spark
2026-03-03 18:00,af72147b46a04b53bf76ecae49474dad,recipe.schemaorg.v1,18,256273,160364,95909,56320,gpt-5.3-codex-spark
2026-03-03 18:00,4e6277e014314ab395a24f1d255498e2,recipe.final.v1,9,5535604,5448670,86934,5084032,gpt-5.3-codex-spark
2026-03-03 18:00,10adda0f2a2d401aa8b7dd519cb487c3,recipe.chunking.v1,18,293192,231293,61899,22528,gpt-5.3-codex-spark
2026-03-03 18:00,439f910139694cdc9138e413a0385e2e,recipe.schemaorg.v1,18,268933,160351,108582,28160,gpt-5.3-codex-spark
2026-03-03 18:00,d7c2318c18ac447a89f6b8818fa62ef3,recipe.final.v1,11,5775801,5648078,127723,5300736,gpt-5.3-codex-spark
2026-03-03 17:00,d9b738978c224f5a9150d0e75d34afca,recipe.chunking.v1,19,272176,240177,31999,25088,gpt-5.3-codex-spark
2026-03-03 17:00,be904708f6594708ba554b9b4a4e67a1,recipe.schemaorg.v1,19,263852,167220,96632,33792,gpt-5.3-codex-spark
2026-03-03 17:00,fe7544027f424e9387c6322110155410,recipe.final.v1,19,19152370,18928089,224281,17877504,gpt-5.3-codex-spark
2026-03-03 06:00,80e7017409b44ec3b95e47cad8c5e8e9,recipe.chunking.v1,19,281038,240177,40861,95744,gpt-5.3-codex-spark
2026-03-03 06:00,525fa96cc9a84b34b997a9cb2ef344b3,recipe.schemaorg.v1,19,221575,146533,75042,95744,gpt-5.3-codex-spark
2026-03-03 06:00,378ae009bfbd4018a76c2ba140ddc74a,recipe.final.v1,19,14747370,14523542,223828,13658752,gpt-5.3-codex-spark
2026-03-03 05:00,ff193703e7a14121a4daba9520bcdd81,recipe.chunking.v1,53,899280,801002,98278,263040,gpt-5.3-codex-spark
2026-03-03 05:00,3980bec3102540d8b2b3c64356386879,recipe.schemaorg.v1,46,466612,339155,127457,229248,gpt-5.3-codex-spark
2026-03-03 05:00,a9b5d4d7b6194ca4b0f54b58968d7076,recipe.final.v1,26,12318310,12137468,180842,11430656,gpt-5.3-codex-spark
2026-03-03 04:00,caa5ebfeb30342bcb364396fad280800,recipe.chunking.v1,19,274081,240177,33904,45056,gpt-5.3-codex-spark
2026-03-03 04:00,241202f60041442e9bd4fad65655917c,recipe.schemaorg.v1,19,234446,151513,82933,29824,gpt-5.3-codex-spark
2026-03-03 04:00,77538cd646d8437bb475b5761aa40726,recipe.final.v1,19,13156665,12950574,206091,12071808,gpt-5.3-codex-spark
2026-03-03 04:00,d9669c3daccc49178a926b874ffe2923,recipe.chunking.v1,19,274408,240177,34231,80768,gpt-5.3-codex-spark
2026-03-03 04:00,784d111e8bb54e0ebb74306339790b37,recipe.schemaorg.v1,19,238025,150157,87868,88832,gpt-5.3-codex-spark
2026-03-03 04:00,58b41c5e5b6c401fb39a46edde6cf506,recipe.final.v1,16,18540284,18322001,218283,17375872,gpt-5.3-codex-spark
2026-03-03 02:00,eb788fb58c834470b13c7917d2b90c03,recipe.chunking.v1,39,651873,592964,58909,180224,gpt-5.3-codex-spark
2026-03-03 02:00,c23c86364f134f309e63e448c0299b9d,recipe.schemaorg.v1,39,405260,280104,125156,180224,gpt-5.3-codex-spark
2026-03-03 02:00,e18752bf0359403198f9c42d07aa7f53,recipe.final.v1,37,18119290,17834614,284676,16722944,gpt-5.3-codex-spark
2026-03-03 01:00,a1f1d603353049a980bdcc84e72d6054,fe1c543641214956a0ad6ff3dfba5cfb,1,0,0,0,0,
2026-03-03 01:00,0b542e56ffa748f4831c53511d851635,fe1c543641214956a0ad6ff3dfba5cfb,1,0,0,0,0,
2026-03-03 01:00,242fbdbeae8e41a08b12c16d0fa6efa0,fe1c543641214956a0ad6ff3dfba5cfb,1,0,0,0,0,
2026-03-03 01:00,92dc7a7e1a0e4fc1a721ab698da74fa5,fe1c543641214956a0ad6ff3dfba5cfb,1,0,0,0,0,
2026-03-03 01:00,ba8dfced5f814c19a7e1f315f467ddbb,fe1c543641214956a0ad6ff3dfba5cfb,1,0,0,0,0,
2026-03-03 01:00,d1c466ed708b4b88bb3df71eca6c2f65,fe1c543641214956a0ad6ff3dfba5cfb,1,0,0,0,0,
2026-03-03 01:00,4cefb72724b345bb8c34ea1ea0eb43fe,fe1c543641214956a0ad6ff3dfba5cfb,1,0,0,0,0,
2026-03-03 01:00,cc4ff69b70de4285af20513db17fcebd,fe1c543641214956a0ad6ff3dfba5cfb,1,0,0,0,0,
2026-03-03 01:00,feece64e6ec84333921f4f54fe7fe483,fe1c543641214956a0ad6ff3dfba5cfb,1,0,0,0,0,
2026-03-03 01:00,2e77da1cdc7a4d27a8fade85a4ee0216,fe1c543641214956a0ad6ff3dfba5cfb,1,0,0,0,0,
2026-03-03 01:00,55d7213d112a48828a78bc64bf3afdae,fe1c543641214956a0ad6ff3dfba5cfb,1,0,0,0,0,
2026-03-03 01:00,62c644061f0747de9ae9755c0a09af92,fe1c543641214956a0ad6ff3dfba5cfb,1,0,0,0,0,
2026-03-03 01:00,fd7957c103fb46098c6c51b1c235230c,fe1c543641214956a0ad6ff3dfba5cfb,1,0,0,0,0,
2026-03-03 01:00,e3d28a3cda2c4c6e8e5a8980f0b0412f,fe1c543641214956a0ad6ff3dfba5cfb,1,0,0,0,0,
2026-03-03 01:00,f89aab72c79a4f8d958b64d267b1ba43,fe1c543641214956a0ad6ff3dfba5cfb,1,0,0,0,0,
2026-03-03 01:00,4bfb3f4f0b0548a2b679e537bd631f06,fe1c543641214956a0ad6ff3dfba5cfb,1,0,0,0,0,
2026-03-03 01:00,3632f286e8e7448194fc67547f71c42d,fe1c543641214956a0ad6ff3dfba5cfb,1,0,0,0,0,
2026-03-03 01:00,4906a7c6f45b45269d7d64ec3a39547b,fe1c543641214956a0ad6ff3dfba5cfb,1,0,0,0,0,
2026-03-03 01:00,2f64c1f750cf49f980f9519821b2c629,fe1c543641214956a0ad6ff3dfba5cfb,1,0,0,0,0,
2026-03-03 01:00,23d78866120745569b8a735498756261,fe1c543641214956a0ad6ff3dfba5cfb,1,0,0,0,0,
2026-03-03 01:00,183a7919cd39448b8b12aa0e7a81a0ff,fe1c543641214956a0ad6ff3dfba5cfb,1,0,0,0,0,
2026-03-03 01:00,0ccf2f9a35094fddb1a4df424db0ad12,6a0fd2e699e5405888b43c77dad19473,1,0,0,0,0,
2026-03-03 01:00,9ea66df12b674a06afb00ab58bae913f,6a0fd2e699e5405888b43c77dad19473,1,0,0,0,0,
2026-03-03 01:00,4f484264293f4f8fb7de4daac1ad5434,6a0fd2e699e5405888b43c77dad19473,1,0,0,0,0,
2026-03-03 01:00,f373e113356b41308ae57b1f19289f47,6a0fd2e699e5405888b43c77dad19473,1,0,0,0,0,
2026-03-03 01:00,6aa8b25cc30b4ebb82d2accf8cc91d41,6a0fd2e699e5405888b43c77dad19473,1,0,0,0,0,
2026-03-03 01:00,8c3787deb11b4d31a9cd93214fd47841,6a0fd2e699e5405888b43c77dad19473,1,0,0,0,0,
2026-03-03 01:00,eada4a3236b8403f873d86255dedf990,6a0fd2e699e5405888b43c77dad19473,1,0,0,0,0,
2026-03-03 01:00,793af9903d514463ba8966348fd9bbc6,6a0fd2e699e5405888b43c77dad19473,1,0,0,0,0,
2026-03-03 01:00,73b45df368904c5d9aad4deec36eda48,6a0fd2e699e5405888b43c77dad19473,1,0,0,0,0,
2026-03-03 01:00,18b2d8f25a4349b2b844a5e7f29b9fbe,6a0fd2e699e5405888b43c77dad19473,1,0,0,0,0,
2026-03-03 01:00,278dc5284e214ddc8f463fd0db3fad7f,6a0fd2e699e5405888b43c77dad19473,1,0,0,0,0,
2026-03-03 01:00,fa23f233c6ed444fbd36bc37967d7cdd,6a0fd2e699e5405888b43c77dad19473,1,0,0,0,0,
2026-03-03 01:00,feaf773ecfb64e729998ccf3cb7265e2,6a0fd2e699e5405888b43c77dad19473,1,0,0,0,0,
2026-03-03 01:00,e0c2894d1df440708415a9d759e44aff,6a0fd2e699e5405888b43c77dad19473,1,0,0,0,0,
2026-03-03 01:00,16812630c7554e07b806464db01347c1,6a0fd2e699e5405888b43c77dad19473,1,0,0,0,0,
2026-03-03 01:00,3caa8c1ce9864b35a2a77ecacf6028e5,6a0fd2e699e5405888b43c77dad19473,1,0,0,0,0,
2026-03-03 01:00,85cf3fdf13824c4eb9eb86c83907d10c,6a0fd2e699e5405888b43c77dad19473,1,0,0,0,0,
2026-03-03 01:00,88e4ee49d9ac42c2a87268bfeb5097ea,6a0fd2e699e5405888b43c77dad19473,1,0,0,0,0,
2026-03-03 01:00,f1ebbc987cec43a58afe3110d7fa7868,6a0fd2e699e5405888b43c77dad19473,1,0,0,0,0,
2026-03-03 01:00,2dce1f73577b45c284fb3b6af5c89d04,6a0fd2e699e5405888b43c77dad19473,1,0,0,0,0,
2026-03-03 01:00,24d50712da56487cad16a800d4e1332b,6a0fd2e699e5405888b43c77dad19473,1,0,0,0,0,
2026-03-03 01:00,dbe7aab9e61945c290a2daa0c35a9620,60bdf2979890451d9d48e86c0c151d4b,1,0,0,0,0,
2026-03-03 01:00,c38b1a4346684239aa4900985b76e160,60bdf2979890451d9d48e86c0c151d4b,1,0,0,0,0,
2026-03-03 01:00,9412f28d9e5c4e66aedd1417effef832,60bdf2979890451d9d48e86c0c151d4b,1,0,0,0,0,
2026-03-03 01:00,a009c3f975c14a1286d4337929f2f215,60bdf2979890451d9d48e86c0c151d4b,1,0,0,0,0,
2026-03-03 01:00,cc71c009f6204d3a9f0b38cab55cd811,60bdf2979890451d9d48e86c0c151d4b,1,0,0,0,0,
2026-03-03 01:00,8c06ff4b1e454e4ca85b9978f4ae9f37,60bdf2979890451d9d48e86c0c151d4b,1,0,0,0,0,
2026-03-03 01:00,6dddcb426f44406995c8f690ce06b389,60bdf2979890451d9d48e86c0c151d4b,1,0,0,0,0,
2026-03-03 01:00,cb7eb00f9f1b452ab6c0fe32a5302a0d,60bdf2979890451d9d48e86c0c151d4b,1,0,0,0,0,
2026-03-03 01:00,6caa8614706e4ca8995a9b822235b6fa,60bdf2979890451d9d48e86c0c151d4b,1,0,0,0,0,
2026-03-03 01:00,b0ea174f858d48d18e3297901fe13dcc,60bdf2979890451d9d48e86c0c151d4b,1,0,0,0,0,
2026-03-03 01:00,71f1cb578d964f9a9c9e9b20e21c1fd0,60bdf2979890451d9d48e86c0c151d4b,1,0,0,0,0,
2026-03-03 01:00,8db986f4ae4d49bfa6bd9d2dcd9636af,60bdf2979890451d9d48e86c0c151d4b,1,0,0,0,0,
2026-03-03 01:00,a4aacfe3613d4f0c80899300d1c79037,60bdf2979890451d9d48e86c0c151d4b,1,0,0,0,0,
2026-03-03 01:00,073c5964377e4a15be7b00f6f6382269,60bdf2979890451d9d48e86c0c151d4b,1,0,0,0,0,
2026-03-03 01:00,f216e02e63984635b402a6efd6dd46c6,60bdf2979890451d9d48e86c0c151d4b,1,0,0,0,0,
2026-03-03 01:00,9c070f560424480bab398864de638f17,60bdf2979890451d9d48e86c0c151d4b,1,0,0,0,0,
2026-03-03 01:00,d36343a982564e01b2f0979dfff1f6d3,60bdf2979890451d9d48e86c0c151d4b,1,0,0,0,0,
2026-03-03 01:00,017a903c87374d5391e19e4c7bbcb891,60bdf2979890451d9d48e86c0c151d4b,1,0,0,0,0,
2026-03-03 01:00,e9a8dff1188148479c25bb48899024a2,60bdf2979890451d9d48e86c0c151d4b,1,0,0,0,0,
2026-03-03 01:00,3a087dd4904542e3873a969468961df8,60bdf2979890451d9d48e86c0c151d4b,1,0,0,0,0,
2026-03-03 01:00,807a525fb6de4e8189bb3384aa39cb08,390beca553f944528c44086f67b54516,1,0,0,0,0,
2026-03-03 01:00,22b0f6b846e949678e1f7ed537049772,390beca553f944528c44086f67b54516,1,0,0,0,0,
2026-03-03 01:00,f0daf0a32cc748dd87e6ecc507017a77,390beca553f944528c44086f67b54516,1,0,0,0,0,
2026-03-03 01:00,dcb4f2307b5845fa9882312aa2db84d5,390beca553f944528c44086f67b54516,1,0,0,0,0,
2026-03-03 01:00,1d9c58e49164445786b89d0d34686229,390beca553f944528c44086f67b54516,1,0,0,0,0,
2026-03-03 01:00,e80d23737635469696550716c15ac549,390beca553f944528c44086f67b54516,1,0,0,0,0,
2026-03-03 01:00,e4a6af2a78fe4efaa9a81d8e1d5c6dbe,390beca553f944528c44086f67b54516,1,0,0,0,0,
2026-03-03 01:00,5d19ad7629e144aeb7416d044c81d6ff,390beca553f944528c44086f67b54516,1,0,0,0,0,
2026-03-03 01:00,aec8a8733ebc4f63a07cb8540b55b139,390beca553f944528c44086f67b54516,1,0,0,0,0,
2026-03-03 01:00,3ed27a7ed8c04221893d68c770f1be47,390beca553f944528c44086f67b54516,1,0,0,0,0,
2026-03-03 01:00,40a04499e9314144af64f71bf81367b0,390beca553f944528c44086f67b54516,1,0,0,0,0,
2026-03-03 01:00,d71983db87094356ac53d301c6d2df8d,390beca553f944528c44086f67b54516,1,0,0,0,0,
2026-03-03 01:00,58832deec11e41b6aaac040fb959c918,390beca553f944528c44086f67b54516,1,0,0,0,0,
2026-03-03 01:00,5cd3a91e1d7f4e809b857f427997fb0f,390beca553f944528c44086f67b54516,1,0,0,0,0,
2026-03-03 01:00,6bf0dbfe14d2437d81089c2de0ce0030,390beca553f944528c44086f67b54516,1,0,0,0,0,
2026-03-03 01:00,005ad411fba7466a8b18c0facda1f049,390beca553f944528c44086f67b54516,1,0,0,0,0,
2026-03-03 01:00,6677dd67ccf94f479791e033116c358c,390beca553f944528c44086f67b54516,1,0,0,0,0,
2026-03-03 01:00,51b8ba03bc9246678031921d41df4128,390beca553f944528c44086f67b54516,1,0,0,0,0,
2026-03-03 01:00,587b865b074a4326be8e41d3fd4ab355,390beca553f944528c44086f67b54516,1,0,0,0,0,
2026-03-03 01:00,fe6f0230e8a04dd1a4bd6441852f2be6,d1688b1c13b64691aae868c5b478ee2e,1,0,0,0,0,
2026-03-03 01:00,af9ef699e3fb4d0d80cca06ab39b8928,d1688b1c13b64691aae868c5b478ee2e,1,0,0,0,0,
2026-03-03 01:00,4fb538d367ce4c3fb75af1d6e21b67b0,d1688b1c13b64691aae868c5b478ee2e,1,0,0,0,0,
2026-03-03 01:00,3eba6817017e4e0192f6a0fb3276cdf4,d1688b1c13b64691aae868c5b478ee2e,1,0,0,0,0,
2026-03-03 01:00,9953507c219647da8f45282bac94bd62,d1688b1c13b64691aae868c5b478ee2e,1,0,0,0,0,
2026-03-03 01:00,cbfb02b34905438991f79e04b1b47b48,d1688b1c13b64691aae868c5b478ee2e,1,0,0,0,0,
2026-03-03 01:00,754b0bdb19df4e0cb5eed24df88a2499,d1688b1c13b64691aae868c5b478ee2e,1,0,0,0,0,
2026-03-03 01:00,11beb8a6291c47a7a59f486a7fae14c1,d1688b1c13b64691aae868c5b478ee2e,1,0,0,0,0,
2026-03-03 01:00,780b58177e3142e0aa6ed39aba7f05f8,d1688b1c13b64691aae868c5b478ee2e,1,0,0,0,0,
2026-03-03 01:00,89305305e8e349458e15aea8b86bbb9e,d1688b1c13b64691aae868c5b478ee2e,1,0,0,0,0,
2026-03-03 01:00,f90e0dd2f145438cac06187ed532dee3,d1688b1c13b64691aae868c5b478ee2e,1,0,0,0,0,
2026-03-03 01:00,16456b36847b415d9d262b5c7c1552c3,d1688b1c13b64691aae868c5b478ee2e,1,0,0,0,0,
2026-03-03 01:00,05712486b73a4d96a751c9f52fe3c5dd,d1688b1c13b64691aae868c5b478ee2e,1,0,0,0,0,
2026-03-03 01:00,0403faffc1fb4389a30bd289d707514e,d1688b1c13b64691aae868c5b478ee2e,1,0,0,0,0,
2026-03-03 01:00,7e7dcb2471854984b0c8af112030b6dd,d1688b1c13b64691aae868c5b478ee2e,1,0,0,0,0,
2026-03-03 01:00,68a66262c2b646329ca0fd8f12512d0e,d1688b1c13b64691aae868c5b478ee2e,1,0,0,0,0,
2026-03-03 01:00,1b03fc04cca145cc8ddc5787b0a52fce,d1688b1c13b64691aae868c5b478ee2e,1,0,0,0,0,
2026-03-03 01:00,3898dbf3def14034afc7f816e202a805,d1688b1c13b64691aae868c5b478ee2e,1,0,0,0,0,
2026-03-03 01:00,c7b29f8a8a7d4301b9b6637db5dd4a0d,d1688b1c13b64691aae868c5b478ee2e,1,0,0,0,0,
2026-03-03 01:00,f45949ac378d4e3fab409a3f8c5fb5fa,eda1492b410c43bea34648bf0f30b081,1,0,0,0,0,
2026-03-03 01:00,c7fa6bc6edd64716be8b89fdb24b9d53,eda1492b410c43bea34648bf0f30b081,1,0,0,0,0,
2026-03-03 01:00,76265e5aa8464446b3fc79247b325a94,eda1492b410c43bea34648bf0f30b081,1,0,0,0,0,
2026-03-03 01:00,7c4aa5fb04944d0a909e3b76baf9b44b,eda1492b410c43bea34648bf0f30b081,1,0,0,0,0,
2026-03-03 01:00,4b6aa123410549efb49a200b7e3986d2,eda1492b410c43bea34648bf0f30b081,1,0,0,0,0,
2026-03-03 01:00,6742037b58514d2199dc52c9aa1db66a,eda1492b410c43bea34648bf0f30b081,1,0,0,0,0,
2026-03-03 01:00,f34e6336f7ef48e3a40ce462ce0357b3,eda1492b410c43bea34648bf0f30b081,1,0,0,0,0,
2026-03-03 01:00,c35b26caebb644589421e01ed92b2c33,eda1492b410c43bea34648bf0f30b081,1,0,0,0,0,
2026-03-03 01:00,ab3cc746733d42c194e300b1c7b408c1,eda1492b410c43bea34648bf0f30b081,1,0,0,0,0,
2026-03-03 01:00,70db781962fe4d6f8310747c1a4a4276,eda1492b410c43bea34648bf0f30b081,1,0,0,0,0,
2026-03-03 01:00,afb304cbe5034f2bbc117db5cc3e6b24,eda1492b410c43bea34648bf0f30b081,1,0,0,0,0,
2026-03-03 01:00,fce1eac3fadf47ed96f290f2344c0634,eda1492b410c43bea34648bf0f30b081,1,0,0,0,0,
2026-03-03 01:00,cbeb27c7bfc54eceaf46fbda64d79a87,eda1492b410c43bea34648bf0f30b081,1,0,0,0,0,
2026-03-03 01:00,a8cc58f600ad469d915c11cd819d368b,eda1492b410c43bea34648bf0f30b081,1,0,0,0,0,
2026-03-03 01:00,890988e33b1f479facace1f13453ab13,eda1492b410c43bea34648bf0f30b081,1,0,0,0,0,
2026-03-03 01:00,66cca437ad5d47e3a89309183d14d734,eda1492b410c43bea34648bf0f30b081,1,0,0,0,0,
2026-03-03 01:00,6de8838bee514b3c8bb180f62cee1dc6,eda1492b410c43bea34648bf0f30b081,1,0,0,0,0,
2026-03-03 01:00,3389d866e32c40fe923711f9c9040656,eda1492b410c43bea34648bf0f30b081,1,0,0,0,0,
2026-03-03 01:00,252749382ea3402a8c16e1ef390d41cc,26e1d0a3493c4deca8c4f097380e9aa3,1,0,0,0,0,
2026-03-03 01:00,404ac2899e114e17b0c521ee70fc10a4,26e1d0a3493c4deca8c4f097380e9aa3,1,0,0,0,0,
2026-03-03 01:00,9bf4cc78d87f4175bb9ea1731c6106ef,26e1d0a3493c4deca8c4f097380e9aa3,1,0,0,0,0,
2026-03-03 01:00,da45a476c5294a03acb6c509e38a9258,26e1d0a3493c4deca8c4f097380e9aa3,1,0,0,0,0,
2026-03-03 01:00,eca2b8df453f4f26b488f915a5dabeac,26e1d0a3493c4deca8c4f097380e9aa3,1,0,0,0,0,
2026-03-03 01:00,23b7771909b042d7bb25cfad1fcfeeb7,26e1d0a3493c4deca8c4f097380e9aa3,1,0,0,0,0,
2026-03-03 01:00,bb85824bcdbf43c1a496739cbb7f9216,26e1d0a3493c4deca8c4f097380e9aa3,1,0,0,0,0,
2026-03-03 01:00,79e3e69208e045258bc2e91c787c1b31,26e1d0a3493c4deca8c4f097380e9aa3,1,0,0,0,0,
2026-03-03 01:00,a10c546ad15a4287adb838d815b6bf75,26e1d0a3493c4deca8c4f097380e9aa3,1,0,0,0,0,
2026-03-03 01:00,77697ae219d140fe9a0eaf79ddd3490d,26e1d0a3493c4deca8c4f097380e9aa3,1,0,0,0,0,
2026-03-03 01:00,57cf6215089f45a88169ea82ab475ed8,26e1d0a3493c4deca8c4f097380e9aa3,1,0,0,0,0,
2026-03-03 01:00,0141dbeef77842e095bc69dfa5542e8d,26e1d0a3493c4deca8c4f097380e9aa3,1,0,0,0,0,
2026-03-03 01:00,36b6d14086014ed9b255754b211f7e8b,26e1d0a3493c4deca8c4f097380e9aa3,1,0,0,0,0,
2026-03-03 01:00,0099bdb986094045a769238c60bb1743,26e1d0a3493c4deca8c4f097380e9aa3,1,0,0,0,0,
2026-03-03 01:00,055880ab071a4f8bac4353e5f9240184,26e1d0a3493c4deca8c4f097380e9aa3,1,0,0,0,0,
2026-03-03 01:00,26a5abf976dd4569a21f82c7c27320a5,26e1d0a3493c4deca8c4f097380e9aa3,1,0,0,0,0,
2026-03-03 01:00,600c05ab30024f43857c3b4752e11e31,26e1d0a3493c4deca8c4f097380e9aa3,1,0,0,0,0,
2026-03-03 01:00,a134f9559cac42c3966261066cb6e708,26e1d0a3493c4deca8c4f097380e9aa3,1,0,0,0,0,
2026-03-03 01:00,ed49a406606c401290a6081440a8109c,26e1d0a3493c4deca8c4f097380e9aa3,1,0,0,0,0,
2026-03-03 01:00,50864c2afe0e4e04beef92cbc3bced91,d65519c9b60d488db2bfcb44a9500ae9,1,0,0,0,0,
2026-03-03 01:00,4c0f97bb674d4900bb05a2d2913964a9,d65519c9b60d488db2bfcb44a9500ae9,1,0,0,0,0,
2026-03-03 01:00,70bebed0d6a34c9bb1b37d82e151169e,d65519c9b60d488db2bfcb44a9500ae9,1,0,0,0,0,
2026-03-03 01:00,cd0bd54f28ea470da88982c9ddc3c38a,d65519c9b60d488db2bfcb44a9500ae9,1,0,0,0,0,
2026-03-03 01:00,b4139fc5ac674cf6b335b77b00b8406b,d65519c9b60d488db2bfcb44a9500ae9,1,0,0,0,0,
2026-03-03 01:00,85f14b02b67f4676a1f7282e5d1082c0,d65519c9b60d488db2bfcb44a9500ae9,1,0,0,0,0,
2026-03-03 01:00,d2e674b72a1142d48fe39c98a82792e3,d65519c9b60d488db2bfcb44a9500ae9,1,0,0,0,0,
2026-03-03 01:00,3fce5689e2e24da7bf192df59532af96,d65519c9b60d488db2bfcb44a9500ae9,1,0,0,0,0,
2026-03-03 01:00,32cd2cba66644c3ea3d8eb5c7abeb235,d65519c9b60d488db2bfcb44a9500ae9,1,0,0,0,0,
2026-03-03 01:00,ae94b545837e4a76a663f676b0f73607,d65519c9b60d488db2bfcb44a9500ae9,1,0,0,0,0,
2026-03-03 01:00,21eead46efba4793b30a996153437656,d65519c9b60d488db2bfcb44a9500ae9,1,0,0,0,0,
2026-03-03 01:00,04d11acf8176419bb51ba69fdf3c355b,d65519c9b60d488db2bfcb44a9500ae9,1,0,0,0,0,
2026-03-03 01:00,d863c121f8414fe8b62a8a51409dc57b,d65519c9b60d488db2bfcb44a9500ae9,1,0,0,0,0,
2026-03-03 01:00,9c28df41dbb04cedbb17e974526a6482,d65519c9b60d488db2bfcb44a9500ae9,1,0,0,0,0,
2026-03-03 01:00,6a72b1f720d847eb989d8f50869f15f6,d65519c9b60d488db2bfcb44a9500ae9,1,0,0,0,0,
2026-03-03 01:00,08c7aff3fe1a463c86bb76e143b65182,d65519c9b60d488db2bfcb44a9500ae9,1,0,0,0,0,
2026-03-03 01:00,585fb4f95da24170a4eb9ff8269a0523,d65519c9b60d488db2bfcb44a9500ae9,1,0,0,0,0,
2026-03-03 01:00,73710b56bdeb4b8eb04d00e4052a5feb,d65519c9b60d488db2bfcb44a9500ae9,1,0,0,0,0,
2026-03-03 01:00,6241ed1697d54b778e9a4ee56bd27b31,d65519c9b60d488db2bfcb44a9500ae9,1,0,0,0,0,
2026-03-03 01:00,974087eee1334b39b9ddd1954d06d4f5,e29d4d77de214499b5277e1080f56a6b,1,0,0,0,0,
2026-03-03 01:00,86676ad822b54e3cb1ad4e8e31e33fe8,e29d4d77de214499b5277e1080f56a6b,1,0,0,0,0,
2026-03-03 01:00,e3d03d284e1e4cb4b284a680cb26e6f2,e29d4d77de214499b5277e1080f56a6b,1,0,0,0,0,
2026-03-03 01:00,e52873e51d334ddfa141ac0c2680f80b,e29d4d77de214499b5277e1080f56a6b,1,0,0,0,0,
2026-03-03 01:00,c66a8f0b02a44a92a0f007cc48ec973b,e29d4d77de214499b5277e1080f56a6b,1,0,0,0,0,
2026-03-03 01:00,823c759a06aa474086fdc13504b193f5,e29d4d77de214499b5277e1080f56a6b,1,0,0,0,0,
2026-03-03 01:00,da84c048cf0e4bf0977af706f3db68c7,e29d4d77de214499b5277e1080f56a6b,1,0,0,0,0,
2026-03-03 01:00,c416d222ca7a49c59d8d2a8d8abe9857,e29d4d77de214499b5277e1080f56a6b,1,0,0,0,0,
2026-03-03 01:00,d4aee8206694413da4391a549f5f9f17,e29d4d77de214499b5277e1080f56a6b,1,0,0,0,0,
2026-03-03 01:00,6d0e969c64e44765804aad5fd4896e09,e29d4d77de214499b5277e1080f56a6b,1,0,0,0,0,
2026-03-03 01:00,27f75c71cbe24e28a023de6ee3194ade,e29d4d77de214499b5277e1080f56a6b,1,0,0,0,0,
2026-03-03 01:00,ae63d45faa884c8dac0fe1a9ffbb0588,e29d4d77de214499b5277e1080f56a6b,1,0,0,0,0,
2026-03-03 01:00,cade47f329e148ca8aa4d1529b29d1e3,e29d4d77de214499b5277e1080f56a6b,1,0,0,0,0,
2026-03-03 01:00,340f17699d31440fa132c510ca452b2a,e29d4d77de214499b5277e1080f56a6b,1,0,0,0,0,
2026-03-03 01:00,8d4ae328812149b8ab299c6a67c6f470,e29d4d77de214499b5277e1080f56a6b,1,0,0,0,0,
2026-03-03 01:00,e3fb696a4f324712b6a0b629eb62f456,e29d4d77de214499b5277e1080f56a6b,1,0,0,0,0,
2026-03-03 01:00,3c01f536dbca407db634340e833107ab,e29d4d77de214499b5277e1080f56a6b,1,0,0,0,0,
2026-03-03 01:00,47f5f838518340a683338e924f19097b,e29d4d77de214499b5277e1080f56a6b,1,0,0,0,0,
2026-03-02 23:00,f868f097c5854596ba4580c0bc35932f,f63a5226dc9343d9be2e0ad6275bf3ab,1,0,0,0,0,
2026-03-02 23:00,34c1f793ef45443c88e1cc70f4767593,f63a5226dc9343d9be2e0ad6275bf3ab,1,0,0,0,0,
2026-03-02 23:00,843ea69406f14362a827865a866e9b84,f63a5226dc9343d9be2e0ad6275bf3ab,1,0,0,0,0,
2026-03-02 23:00,a69c01f41a6a48b49f30b2d7820d0772,f63a5226dc9343d9be2e0ad6275bf3ab,1,0,0,0,0,
2026-03-02 23:00,acf0493f43854af5a14260a71e466294,f63a5226dc9343d9be2e0ad6275bf3ab,1,0,0,0,0,
2026-03-02 23:00,9803563601de4b9692eb560d2d6e52d9,f63a5226dc9343d9be2e0ad6275bf3ab,1,0,0,0,0,
2026-03-02 23:00,e5e6e160a0664f9ba2c903bad9ade14c,f63a5226dc9343d9be2e0ad6275bf3ab,1,0,0,0,0,
2026-03-02 23:00,6bb3ed89d11744c4a3742276f82df672,f63a5226dc9343d9be2e0ad6275bf3ab,1,0,0,0,0,
2026-03-02 23:00,e7b42053eb81400cad739fa6f8aea6ce,f63a5226dc9343d9be2e0ad6275bf3ab,1,0,0,0,0,
2026-03-02 23:00,a7f9ec89c522451b978094b41172c4f2,f63a5226dc9343d9be2e0ad6275bf3ab,1,0,0,0,0,
2026-03-02 23:00,ae61bef49c8c449ba1b1bc2857387b0c,f63a5226dc9343d9be2e0ad6275bf3ab,1,0,0,0,0,
2026-03-02 23:00,04ea11152dab4ca687e5408e396ae879,f63a5226dc9343d9be2e0ad6275bf3ab,1,0,0,0,0,
2026-03-02 23:00,416c539c389440d1a1b9434285f14a09,f63a5226dc9343d9be2e0ad6275bf3ab,1,0,0,0,0,
2026-03-02 23:00,1b94815cdc38431bbcbcc89407296008,f63a5226dc9343d9be2e0ad6275bf3ab,1,0,0,0,0,
2026-03-02 23:00,c0dbb3a8538348fa87a188fd06ea4aab,f63a5226dc9343d9be2e0ad6275bf3ab,1,0,0,0,0,
2026-03-02 23:00,38a0a812a15c4d46a1936deb92421724,f63a5226dc9343d9be2e0ad6275bf3ab,1,0,0,0,0,
2026-03-02 23:00,36acb380252141d29009b23814a20fec,f63a5226dc9343d9be2e0ad6275bf3ab,1,0,0,0,0,
2026-03-02 23:00,02ccec1cdb73432a8c481a3d53458844,f63a5226dc9343d9be2e0ad6275bf3ab,1,0,0,0,0,
2026-03-02 23:00,64b752ff65cb4691bc8f6d783ae83756,f63a5226dc9343d9be2e0ad6275bf3ab,1,0,0,0,0,
2026-03-02 23:00,6e155b44d41849dba9a07e7092d208b5,f63a5226dc9343d9be2e0ad6275bf3ab,1,0,0,0,0,
2026-03-02 23:00,4edb9e5aaa6a4c2d8162d4e2736ae0f2,f63a5226dc9343d9be2e0ad6275bf3ab,1,0,0,0,0,
2026-03-02 23:00,766e64697a1044259bec967a2cfc26c6,f63a5226dc9343d9be2e0ad6275bf3ab,1,0,0,0,0,
2026-03-02 23:00,9e100761168945228825c38e9a2db15e,f63a5226dc9343d9be2e0ad6275bf3ab,1,0,0,0,0,
2026-03-02 23:00,a89d982f555f4fa2b29988d36dc3be94,f63a5226dc9343d9be2e0ad6275bf3ab,1,0,0,0,0,
2026-03-02 23:00,1212dd6098604889bc84a3e5499e32da,f63a5226dc9343d9be2e0ad6275bf3ab,1,0,0,0,0,
2026-03-02 23:00,719b9095aace49a3b9a06342ea05d979,f63a5226dc9343d9be2e0ad6275bf3ab,1,0,0,0,0,
2026-03-02 23:00,490015446010499293e70c2d4d1e6906,f63a5226dc9343d9be2e0ad6275bf3ab,1,0,0,0,0,
2026-03-02 23:00,394688c62d0f451a8519253353b53fc2,f63a5226dc9343d9be2e0ad6275bf3ab,1,0,0,0,0,
2026-03-02 23:00,5f9a4f5331b145c1a5d1e3211a585f1a,f63a5226dc9343d9be2e0ad6275bf3ab,1,0,0,0,0,
2026-03-02 23:00,1eca12bea4414bf595b462465eba4c8c,f63a5226dc9343d9be2e0ad6275bf3ab,1,0,0,0,0,
2026-03-02 23:00,cebeb0c04d8a4a67be199a70717ef728,f63a5226dc9343d9be2e0ad6275bf3ab,1,0,0,0,0,
2026-03-02 23:00,cb340f712559408692e7b0647d9cec4d,f63a5226dc9343d9be2e0ad6275bf3ab,1,0,0,0,0,
2026-03-02 23:00,5d208d943217425e8c73171ed47332b2,f63a5226dc9343d9be2e0ad6275bf3ab,1,0,0,0,0,
2026-03-02 23:00,dc345787e30d4641b17e843f377a80d1,f63a5226dc9343d9be2e0ad6275bf3ab,1,0,0,0,0,
2026-03-02 23:00,5c5ff585f6e54142be4c49d0ed789ceb,f63a5226dc9343d9be2e0ad6275bf3ab,1,0,0,0,0,
2026-03-02 23:00,4cd2b1b91bc045ff988f913e0c96d311,f63a5226dc9343d9be2e0ad6275bf3ab,1,0,0,0,0,
2026-03-02 23:00,714efcefc5134d90831b00fbc28cebf8,f63a5226dc9343d9be2e0ad6275bf3ab,1,0,0,0,0,
2026-03-02 23:00,7b111b37beaa41f9ab81f7c9d0a3b17f,f63a5226dc9343d9be2e0ad6275bf3ab,1,0,0,0,0,
2026-03-02 23:00,1a0ee97f0da448d88c7e90e0e7f99c74,f63a5226dc9343d9be2e0ad6275bf3ab,1,0,0,0,0,
2026-03-02 23:00,8756851cf0c94f61b0c0b44e3bcc9adf,ef38f70879554f37a43d600ac0d0bfcb,1,0,0,0,0,
2026-03-02 23:00,7ea1a4108fa7452aaa2b238307dcaabd,ef38f70879554f37a43d600ac0d0bfcb,1,0,0,0,0,
2026-03-02 23:00,1208789ba9a746c8b01f09bc0748d98a,ef38f70879554f37a43d600ac0d0bfcb,1,0,0,0,0,
2026-03-02 23:00,e327ba5d833441d49ced7551199666e8,ef38f70879554f37a43d600ac0d0bfcb,1,0,0,0,0,
2026-03-02 23:00,8873dbe3e06844169e4d772e60e33024,ef38f70879554f37a43d600ac0d0bfcb,1,0,0,0,0,
2026-03-02 23:00,b6c491fca02744c1b6366e8da75f8d58,ef38f70879554f37a43d600ac0d0bfcb,1,0,0,0,0,
2026-03-02 23:00,c4f7dc0380e245e4abd0e2f0ed064897,ef38f70879554f37a43d600ac0d0bfcb,1,0,0,0,0,
2026-03-02 23:00,b1a5506909ec4c50801fb41e2698faec,ef38f70879554f37a43d600ac0d0bfcb,1,0,0,0,0,
2026-03-02 23:00,b957f068d1c4409e918eb7deb510fd79,ef38f70879554f37a43d600ac0d0bfcb,1,0,0,0,0,
2026-03-02 23:00,3f72ba4d16404f51bdc2fd5adcda76ca,ef38f70879554f37a43d600ac0d0bfcb,1,0,0,0,0,
2026-03-02 23:00,cc2b78a79e5248709c6964eddd70df2a,ef38f70879554f37a43d600ac0d0bfcb,1,0,0,0,0,
2026-03-02 23:00,f10f02bb4629477e9b61fe13d191b3bc,ef38f70879554f37a43d600ac0d0bfcb,1,0,0,0,0,
2026-03-02 23:00,1116fb465c1146309a111426a6c63d46,ef38f70879554f37a43d600ac0d0bfcb,1,0,0,0,0,
2026-03-02 23:00,2045d71d02814d5fae90cf6b8a422a5b,ef38f70879554f37a43d600ac0d0bfcb,1,0,0,0,0,
2026-03-02 23:00,27f4f1e5e51c4b3d9689d82cfba2ac58,ef38f70879554f37a43d600ac0d0bfcb,1,0,0,0,0,
2026-03-02 23:00,ae0ae80c16374d80a2be1d7a8d835f7b,ef38f70879554f37a43d600ac0d0bfcb,1,0,0,0,0,
2026-03-02 23:00,f1715ac64442450c8368daf8814ae2c9,ef38f70879554f37a43d600ac0d0bfcb,1,0,0,0,0,
2026-03-02 23:00,0d119089b52c4f64870f94f5c30ddcf9,ef38f70879554f37a43d600ac0d0bfcb,1,0,0,0,0,
2026-03-02 23:00,fce7070de02f4b16b2b180cf116b3cea,ef38f70879554f37a43d600ac0d0bfcb,1,0,0,0,0,
2026-03-02 23:00,ba5e7364b35d45bb86a778bc761090d7,ef38f70879554f37a43d600ac0d0bfcb,1,0,0,0,0,
2026-03-02 23:00,df285a35b1df4f5fa59b382b29cd2d78,ef38f70879554f37a43d600ac0d0bfcb,1,0,0,0,0,
2026-03-02 23:00,167600386d8843f885b8ba6b9885ef38,ef38f70879554f37a43d600ac0d0bfcb,1,0,0,0,0,
2026-03-02 23:00,f4f2058228b34996a717b95282602339,ef38f70879554f37a43d600ac0d0bfcb,1,0,0,0,0,
2026-03-02 23:00,8f338f38083847e282a0e2e407f6da1d,ef38f70879554f37a43d600ac0d0bfcb,1,0,0,0,0,
2026-03-02 23:00,d6b8c47c37144c1dbcaa7f32ead7e5f4,ef38f70879554f37a43d600ac0d0bfcb,1,0,0,0,0,
2026-03-02 23:00,b11bbade4e204a95bf435ce251d34bde,ef38f70879554f37a43d600ac0d0bfcb,1,0,0,0,0,
2026-03-02 23:00,66e9a22af27a43a78bc98721918cb2b8,ef38f70879554f37a43d600ac0d0bfcb,1,0,0,0,0,
2026-03-02 23:00,baf81b1c3a1d45509f487176dd63be52,ef38f70879554f37a43d600ac0d0bfcb,1,0,0,0,0,
2026-03-02 23:00,ec1d61a739a946e9a6fe7b81bb0c01e2,ef38f70879554f37a43d600ac0d0bfcb,1,0,0,0,0,
2026-03-02 23:00,5f7496d1939c40d995dfb430a2229a6b,ef38f70879554f37a43d600ac0d0bfcb,1,0,0,0,0,
2026-03-02 23:00,8c049d114c0a4d849a78ae1bcc9d2a3f,ef38f70879554f37a43d600ac0d0bfcb,1,0,0,0,0,
2026-03-02 23:00,00f19a8329de4416921979052b1e6300,ef38f70879554f37a43d600ac0d0bfcb,1,0,0,0,0,
2026-03-02 23:00,c05b229c075b459cb0af14d3f34894bd,ef38f70879554f37a43d600ac0d0bfcb,1,0,0,0,0,
2026-03-02 23:00,dc39a1e78ec34930a0934fee77805610,ef38f70879554f37a43d600ac0d0bfcb,1,0,0,0,0,
2026-03-02 23:00,a09de6347a0e4062835d4595c63fae4f,ef38f70879554f37a43d600ac0d0bfcb,1,0,0,0,0,
2026-03-02 23:00,73d3ef2045644a1bb86df0b566853cb0,ef38f70879554f37a43d600ac0d0bfcb,1,0,0,0,0,
2026-03-02 23:00,ad2657ee369048fdb8a65d5aa1d889a2,ef38f70879554f37a43d600ac0d0bfcb,1,0,0,0,0,
2026-03-02 23:00,b33ba351bedc468387b62d48eed5d6dc,ef38f70879554f37a43d600ac0d0bfcb,1,0,0,0,0,
2026-03-02 23:00,fa9ed85094364042886efbbc7ba325f6,ef38f70879554f37a43d600ac0d0bfcb,1,0,0,0,0,
2026-03-02 23:00,3faf622d41fa4fc2af3e2a3e5fe0b790,048124bda53e4b09973d08b2d08a6932,1,0,0,0,0,
2026-03-02 23:00,5a475935f636448487ba8ae9a16b47c3,048124bda53e4b09973d08b2d08a6932,1,0,0,0,0,
2026-03-02 23:00,ab8361468dc64f1eae460ae2cb628f00,048124bda53e4b09973d08b2d08a6932,1,0,0,0,0,
2026-03-02 23:00,d5dcf0c712e345c99366713c968b8f87,048124bda53e4b09973d08b2d08a6932,1,0,0,0,0,
2026-03-02 23:00,d7f7ac723c73471790b7441f4a50bc84,048124bda53e4b09973d08b2d08a6932,1,0,0,0,0,
2026-03-02 23:00,bd911a7443df48f0adea23261e742da7,048124bda53e4b09973d08b2d08a6932,1,0,0,0,0,
2026-03-02 23:00,e739f4cc44dd4320aeff65d805ccb2ea,048124bda53e4b09973d08b2d08a6932,1,0,0,0,0,
2026-03-02 23:00,f277a8c5ae3c46e1b0289fa7e9296602,048124bda53e4b09973d08b2d08a6932,1,0,0,0,0,
2026-03-02 23:00,ad96f81b70344dc98fcf95b2719c9b36,048124bda53e4b09973d08b2d08a6932,1,0,0,0,0,
2026-03-02 23:00,d0a20502b67a4fe2a7eb00190d678be3,048124bda53e4b09973d08b2d08a6932,1,0,0,0,0,
2026-03-02 23:00,fb0ada3fa6334320811848d07faffe78,048124bda53e4b09973d08b2d08a6932,1,0,0,0,0,
2026-03-02 23:00,2cd0c273e9dc43df9a8f1219afb3c590,048124bda53e4b09973d08b2d08a6932,1,0,0,0,0,
2026-03-02 23:00,ace717acb932401fbfbb4f292a7b56f9,048124bda53e4b09973d08b2d08a6932,1,0,0,0,0,
2026-03-02 23:00,cdd765216e3141bfa82c30e8ee8322de,048124bda53e4b09973d08b2d08a6932,1,0,0,0,0,
2026-03-02 23:00,c3f3929d5c6f4968ae5d93891fa4a726,048124bda53e4b09973d08b2d08a6932,1,0,0,0,0,
2026-03-02 23:00,0178b28ae6d5458e97f10b6bc8337313,048124bda53e4b09973d08b2d08a6932,1,0,0,0,0,
2026-03-02 23:00,3771b9e945f04b4f81c9b67a0ae84e4d,048124bda53e4b09973d08b2d08a6932,1,0,0,0,0,
2026-03-02 23:00,c0d6e3e178984c8c858a9b060906c538,048124bda53e4b09973d08b2d08a6932,1,0,0,0,0,
2026-03-02 23:00,7a7fb484eff745959c5dedaaf1b13876,048124bda53e4b09973d08b2d08a6932,1,0,0,0,0,
2026-03-02 23:00,b16d75a60ebe402a883914f2cb662008,048124bda53e4b09973d08b2d08a6932,1,0,0,0,0,
2026-03-02 23:00,9e4c7e9478c54c31992364677040a4dc,048124bda53e4b09973d08b2d08a6932,1,0,0,0,0,
2026-03-02 23:00,40ea81f5b82b40b58d85b33ffd905319,048124bda53e4b09973d08b2d08a6932,1,0,0,0,0,
2026-03-02 23:00,0799f40b20d3438199211c204dc338ef,048124bda53e4b09973d08b2d08a6932,1,0,0,0,0,
2026-03-02 23:00,6030f5645c41429db931003db6734258,048124bda53e4b09973d08b2d08a6932,1,0,0,0,0,
2026-03-02 23:00,5e65dc8d851343f198a67e1166e4fa5d,048124bda53e4b09973d08b2d08a6932,1,0,0,0,0,
2026-03-02 23:00,cffd88e691b24bd5b327965e13a200b0,048124bda53e4b09973d08b2d08a6932,1,0,0,0,0,
2026-03-02 23:00,a60bb19305cb45d498d3a21313d04acb,048124bda53e4b09973d08b2d08a6932,1,0,0,0,0,
2026-03-02 23:00,9289b67c332a475b96eb2d323da80fe1,048124bda53e4b09973d08b2d08a6932,1,0,0,0,0,
2026-03-02 23:00,0a9b0111dee246eda4f395560dca8f98,048124bda53e4b09973d08b2d08a6932,1,0,0,0,0,
2026-03-02 23:00,f4f0b1ee28b2456282b454bea45240a1,048124bda53e4b09973d08b2d08a6932,1,0,0,0,0,
2026-03-02 23:00,3e607a555a5b4d218c63167e6654afe8,048124bda53e4b09973d08b2d08a6932,1,0,0,0,0,
2026-03-02 23:00,b975a86f84ce45c98b8dac6753f3d172,048124bda53e4b09973d08b2d08a6932,1,0,0,0,0,
2026-03-02 17:00,261666aed9d94da9980dd31121e3ca7a,ec882baff2814dd4b29ede5184800bbb,1,0,0,0,0,
2026-03-02 17:00,6d7eec9134d64a2fa7ea59c32714215d,ec882baff2814dd4b29ede5184800bbb,1,0,0,0,0,
2026-03-02 17:00,16fdf777e5a94e65a6d5e8747655c044,ec882baff2814dd4b29ede5184800bbb,1,0,0,0,0,
2026-03-02 17:00,860e06f718214fa5bbd4c155eea90458,ec882baff2814dd4b29ede5184800bbb,1,0,0,0,0,
2026-03-02 17:00,fd2fe8c204194271bc7de3a40e9e43fd,ec882baff2814dd4b29ede5184800bbb,1,0,0,0,0,
2026-03-02 17:00,d0d15b38095d417887ae070d99ab20a0,ec882baff2814dd4b29ede5184800bbb,1,0,0,0,0,
2026-03-02 17:00,59ec2611e8124850b6c93a00e1ebbeef,ec882baff2814dd4b29ede5184800bbb,1,0,0,0,0,
2026-03-02 17:00,2a09241f72b5487397374d519fffb977,ec882baff2814dd4b29ede5184800bbb,1,0,0,0,0,
2026-03-02 17:00,be4be9643be14bd3a425b5c7edaa67f7,ec882baff2814dd4b29ede5184800bbb,1,0,0,0,0,
2026-03-02 17:00,253edb039eca4685b78d83b5fb5beadf,ec882baff2814dd4b29ede5184800bbb,1,0,0,0,0,
2026-03-02 17:00,25f80f5f41e1433eb408ebdc7589d864,ec882baff2814dd4b29ede5184800bbb,1,0,0,0,0,
2026-03-02 17:00,09d77d3c426a44168db0f50cb6562f04,ec882baff2814dd4b29ede5184800bbb,1,0,0,0,0,
2026-03-02 17:00,a2f86a091819428abc8427e223aca4b4,ec882baff2814dd4b29ede5184800bbb,1,0,0,0,0,
2026-03-02 17:00,90ee263171ca41dd8ce6137f03c64db1,ec882baff2814dd4b29ede5184800bbb,1,0,0,0,0,
2026-03-02 17:00,9570ff02c2cb4798a6ff75c988cb946c,ec882baff2814dd4b29ede5184800bbb,1,0,0,0,0,
2026-03-02 17:00,7891ee8523f74f2792b5dc6fa1dbbb14,ec882baff2814dd4b29ede5184800bbb,1,0,0,0,0,
2026-03-02 17:00,56e3a17e7ef54d8faa941fd414d0bee5,ec882baff2814dd4b29ede5184800bbb,1,0,0,0,0,
2026-03-02 17:00,afea52175e8c44318cb533b150519a99,ec882baff2814dd4b29ede5184800bbb,1,0,0,0,0,
2026-03-02 17:00,4f63c02715d943da8aadb0562daf85e7,ec882baff2814dd4b29ede5184800bbb,1,0,0,0,0,
2026-03-02 17:00,bc52764924d74947a9ed49cb5b0d0efa,ec882baff2814dd4b29ede5184800bbb,1,0,0,0,0,
2026-03-02 17:00,029e9febc6bb4bcaa2a203362dd84017,ec882baff2814dd4b29ede5184800bbb,1,0,0,0,0,
2026-03-02 17:00,e3451f6e3f204bf09ca3080d779feb84,ec882baff2814dd4b29ede5184800bbb,1,0,0,0,0,
2026-03-02 17:00,d64d2801e9db48e2a40e5d0b503271e4,ec882baff2814dd4b29ede5184800bbb,1,0,0,0,0,
2026-03-02 17:00,b97662e2bb314f25be8aaf634fb0ca38,ec882baff2814dd4b29ede5184800bbb,1,0,0,0,0,
2026-03-02 17:00,da8e062cd01442488aeed171ff1fe757,ec882baff2814dd4b29ede5184800bbb,1,0,0,0,0,
2026-03-02 17:00,9b64e667be44461e8f24d5d3f8582783,ec882baff2814dd4b29ede5184800bbb,1,0,0,0,0,
2026-03-02 17:00,c65ea4cb4ba14ced9866fe0bc10b6c3e,ec882baff2814dd4b29ede5184800bbb,1,0,0,0,0,
2026-03-02 17:00,cd1b2381e3e64dd899cb046c0ddbc722,ec882baff2814dd4b29ede5184800bbb,1,0,0,0,0,
2026-03-02 17:00,f79aaaa0f4a14c96b8486f4265f6b3d9,ec882baff2814dd4b29ede5184800bbb,1,0,0,0,0,
2026-03-02 17:00,f50109a6ee204346a2eb9f59c1436c8c,ec882baff2814dd4b29ede5184800bbb,1,0,0,0,0,
2026-03-02 17:00,6693eaa2ad6746a4a4abf53cad3f217a,ec882baff2814dd4b29ede5184800bbb,1,0,0,0,0,
2026-03-02 17:00,e164aced19064885abf95e389ab92b37,ec882baff2814dd4b29ede5184800bbb,1,0,0,0,0,
2026-03-02 17:00,4a8b4f050f144b86af309d77e360a46b,ec882baff2814dd4b29ede5184800bbb,1,0,0,0,0,
2026-03-02 17:00,41055f4eee4f4a61922d26c341465a63,ec882baff2814dd4b29ede5184800bbb,1,0,0,0,0,
2026-03-02 17:00,107830db291744ea999c5d5506cefcb0,ec882baff2814dd4b29ede5184800bbb,1,0,0,0,0,
2026-03-02 17:00,9483978fe65040f3be3f34250c0c9260,ec882baff2814dd4b29ede5184800bbb,1,0,0,0,0,
2026-03-02 17:00,dcd6d149207543a0a2d273107f0c433e,ec882baff2814dd4b29ede5184800bbb,1,0,0,0,0,
2026-03-02 17:00,6946d763be80447cb6972725e584de0a,ec882baff2814dd4b29ede5184800bbb,1,0,0,0,0,
2026-03-02 17:00,e30ac25447b1483687fd7b3073c118bf,ec882baff2814dd4b29ede5184800bbb,1,0,0,0,0,
2026-03-02 17:00,42141a2d36994afeab1f37e7d12c8e76,e871d67388684341afae91b58863e234,1,0,0,0,0,
2026-03-02 17:00,61c9d9664c1d49ae97af7fb1ddb81ab0,e871d67388684341afae91b58863e234,1,0,0,0,0,
2026-03-02 17:00,074c1b91fbdd4dc483aee866fc780be7,e871d67388684341afae91b58863e234,1,0,0,0,0,
2026-03-02 17:00,4094e8b69ff04849ae06727946024355,e871d67388684341afae91b58863e234,1,0,0,0,0,
2026-03-02 17:00,8d21fed8e35e4027872e6e01a064f596,e871d67388684341afae91b58863e234,1,0,0,0,0,
2026-03-02 17:00,1808a850660b41908acce504d33f11a0,e871d67388684341afae91b58863e234,1,0,0,0,0,
2026-03-02 17:00,5c627f4223f147459b4eeeb048ab9cb5,e871d67388684341afae91b58863e234,1,0,0,0,0,
2026-03-02 17:00,c10652836e044e1090aa9fe5d2623185,e871d67388684341afae91b58863e234,1,0,0,0,0,
2026-03-02 17:00,7d9c9ace2789442a9ad3407ab8792de5,e871d67388684341afae91b58863e234,1,0,0,0,0,
2026-03-02 17:00,dac44d019c83491ab6cd255ebe2ddc90,e871d67388684341afae91b58863e234,1,0,0,0,0,
2026-03-02 17:00,9dccbb21789c4cdf836d0789a600d1e7,e871d67388684341afae91b58863e234,1,0,0,0,0,
2026-03-02 17:00,69b512f6ac4c46158e6634429485deb3,e871d67388684341afae91b58863e234,1,0,0,0,0,
2026-03-02 17:00,9f23179dcef34dcb8355c373d2e10ddb,e871d67388684341afae91b58863e234,1,0,0,0,0,
2026-03-02 17:00,b6a5d3a35fdc4ef8bd7ab25164671818,e871d67388684341afae91b58863e234,1,0,0,0,0,
2026-03-02 17:00,994b2958d064401abf1538bd62b279ff,e871d67388684341afae91b58863e234,1,0,0,0,0,
2026-03-02 17:00,97795b5d34b14c5c99001ec52c10492d,e871d67388684341afae91b58863e234,1,0,0,0,0,
2026-03-02 17:00,a5acb310cca2433188d6074205e72758,e871d67388684341afae91b58863e234,1,0,0,0,0,
2026-03-02 17:00,5b59f52228e94274bbb73e40eaf983e5,e871d67388684341afae91b58863e234,1,0,0,0,0,
2026-03-02 17:00,99e45d6eb15f415db9a91c71b83b17f3,e871d67388684341afae91b58863e234,1,0,0,0,0,
2026-03-02 17:00,4545e9cf8010472cac30791c3f0d76db,e871d67388684341afae91b58863e234,1,0,0,0,0,
2026-03-02 17:00,8ad9111fad4648358563c1588973cef8,e871d67388684341afae91b58863e234,1,0,0,0,0,
2026-03-02 17:00,1909679a439b4970afc504a96a10bb4b,e871d67388684341afae91b58863e234,1,0,0,0,0,
2026-03-02 17:00,4aef1d6468d6473a9b6bd5f48a180ff3,e871d67388684341afae91b58863e234,1,0,0,0,0,
2026-03-02 17:00,a694f04fa4c44954acbf539e4e943269,e871d67388684341afae91b58863e234,1,0,0,0,0,
2026-03-02 17:00,74ab823c99fc4a53a72ddb84a5232450,e871d67388684341afae91b58863e234,1,0,0,0,0,
2026-03-02 17:00,da0e5c1251db43c081a3f673af6a1e5e,e871d67388684341afae91b58863e234,1,0,0,0,0,
2026-03-02 17:00,1bd05a207747432bac151cb5778d0ba4,e871d67388684341afae91b58863e234,1,0,0,0,0,
2026-03-02 17:00,cfef0c8687f547d4930855b7e4c29ec4,e871d67388684341afae91b58863e234,1,0,0,0,0,
2026-03-02 17:00,4635d71c4aa84a3dadb485876f35b7bd,e871d67388684341afae91b58863e234,1,0,0,0,0,
2026-03-02 17:00,c273532de2494ec0ad2de437021741e5,e871d67388684341afae91b58863e234,1,0,0,0,0,
2026-03-02 17:00,ac589b84db7440498ffb264db883b489,e871d67388684341afae91b58863e234,1,0,0,0,0,
2026-03-02 17:00,312f68683e2d48afb12aa1de324dc288,e871d67388684341afae91b58863e234,1,0,0,0,0,
2026-03-02 17:00,9d3ae0265a684ce89b8e92c42324f813,e871d67388684341afae91b58863e234,1,0,0,0,0,
2026-03-02 17:00,d037d12ac3fa46239a02f26b1ce7b3cb,e871d67388684341afae91b58863e234,1,0,0,0,0,
2026-03-02 17:00,8eea577af78d4fbfa370e7a059b46829,e871d67388684341afae91b58863e234,1,0,0,0,0,
2026-03-02 17:00,be190cd0e05e4c06a8645ddc6c11e588,e871d67388684341afae91b58863e234,1,0,0,0,0,
2026-03-02 17:00,2156ad8b43a34e40a031445e3b2f2b1c,e871d67388684341afae91b58863e234,1,0,0,0,0,
2026-03-02 17:00,8bf1e62cb9174aa2b65822e8d2fb5a2d,e871d67388684341afae91b58863e234,1,0,0,0,0,
2026-03-02 17:00,62d93f664e694de98e0c528b32a82b54,e871d67388684341afae91b58863e234,1,0,0,0,0,
2026-03-02 17:00,82e0e0134bd94d47a69b1afbb0f23346,65098b8c623f46aaa2d865aeea80e5a3,1,0,0,0,0,
2026-03-02 17:00,9f697f010b6544ebb680cd48ae6e12f0,65098b8c623f46aaa2d865aeea80e5a3,1,0,0,0,0,
2026-03-02 17:00,f8bb353917934d35934509650aaa3be1,65098b8c623f46aaa2d865aeea80e5a3,1,0,0,0,0,
2026-03-02 17:00,f72c2a77150f40e394a4497376b26d48,65098b8c623f46aaa2d865aeea80e5a3,1,0,0,0,0,
2026-03-02 17:00,9470233ef1c6424dad6559c1addb30b3,65098b8c623f46aaa2d865aeea80e5a3,1,0,0,0,0,
2026-03-02 17:00,a5199bb4410544a6955f7bf5bd562dee,65098b8c623f46aaa2d865aeea80e5a3,1,0,0,0,0,
2026-03-02 17:00,b031f6c9a41f4aa29adafb58fc1194bb,65098b8c623f46aaa2d865aeea80e5a3,1,0,0,0,0,
2026-03-02 17:00,98621163a6054aa99af428fbba31243b,65098b8c623f46aaa2d865aeea80e5a3,1,0,0,0,0,
2026-03-02 17:00,f8087624747e4420996f83ad82610fa6,65098b8c623f46aaa2d865aeea80e5a3,1,0,0,0,0,
2026-03-02 17:00,5361e24ae71a478e86fcfd754db1f9ee,65098b8c623f46aaa2d865aeea80e5a3,1,0,0,0,0,
2026-03-02 17:00,8b60a9b5330741a68dc3e52995a6cbcc,65098b8c623f46aaa2d865aeea80e5a3,1,0,0,0,0,
2026-03-02 17:00,3d43bd849bd14aba8e518df9ab4dc4ef,65098b8c623f46aaa2d865aeea80e5a3,1,0,0,0,0,
2026-03-02 17:00,ad5a05feb46b4b86b5309fe6706b8452,65098b8c623f46aaa2d865aeea80e5a3,1,0,0,0,0,
2026-03-02 17:00,4af9832c5f62473c9c15add1f4de3fa0,65098b8c623f46aaa2d865aeea80e5a3,1,0,0,0,0,
2026-03-02 17:00,a61a84cbbdd342749a187e25916703d7,65098b8c623f46aaa2d865aeea80e5a3,1,0,0,0,0,
2026-03-02 17:00,c2f6ac93b53a4928bf0ecfb4ed832345,65098b8c623f46aaa2d865aeea80e5a3,1,0,0,0,0,
2026-03-02 17:00,8f6c240eb08340dd81c69aa9f36d17c3,65098b8c623f46aaa2d865aeea80e5a3,1,0,0,0,0,
2026-03-02 17:00,d62747d6fd8d44e3a9a9fde6f94d2ebb,65098b8c623f46aaa2d865aeea80e5a3,1,0,0,0,0,
2026-03-02 17:00,83da0df7b8154137b17ea0444c31922c,65098b8c623f46aaa2d865aeea80e5a3,1,0,0,0,0,
2026-03-02 17:00,270c717411c741dcad4099d925aea7db,65098b8c623f46aaa2d865aeea80e5a3,1,0,0,0,0,
2026-03-02 17:00,33e36247162445528007c9c70aed0150,65098b8c623f46aaa2d865aeea80e5a3,1,0,0,0,0,
2026-03-02 17:00,8e195e805071417082b6860d3d632cf2,65098b8c623f46aaa2d865aeea80e5a3,1,0,0,0,0,
2026-03-02 17:00,456878fd29134ba59677dfeeef5d8ce5,65098b8c623f46aaa2d865aeea80e5a3,1,0,0,0,0,
2026-03-02 17:00,6e2cde98ac3942ed925168cb6732e9be,65098b8c623f46aaa2d865aeea80e5a3,1,0,0,0,0,
2026-03-02 17:00,7fad08b93e8a4ac2b3fb34d98c877b65,65098b8c623f46aaa2d865aeea80e5a3,1,0,0,0,0,
2026-03-02 17:00,6fcfaa5d887b431da03fc4ac66ae71ed,65098b8c623f46aaa2d865aeea80e5a3,1,0,0,0,0,
2026-03-02 17:00,881f7cd61c9c4e148e923de65b2f6f9f,65098b8c623f46aaa2d865aeea80e5a3,1,0,0,0,0,
2026-03-02 17:00,203ada978f6044a8bb1a53e6cfd026c7,65098b8c623f46aaa2d865aeea80e5a3,1,0,0,0,0,
2026-03-02 17:00,f0ae63047a6d413fa92bc271b3c1610b,65098b8c623f46aaa2d865aeea80e5a3,1,0,0,0,0,
2026-03-02 17:00,8b4dae6e00d447b2b024320c91e60eec,65098b8c623f46aaa2d865aeea80e5a3,1,0,0,0,0,
2026-03-02 17:00,f9cb18c7fc24410285861f861a14982e,65098b8c623f46aaa2d865aeea80e5a3,1,0,0,0,0,
2026-03-02 17:00,4cd871651a1041ff9e10eb59fe7688f2,65098b8c623f46aaa2d865aeea80e5a3,1,0,0,0,0,
2026-03-02 17:00,eea8e0b5a4e8435e9a313c8db9b02757,65098b8c623f46aaa2d865aeea80e5a3,1,0,0,0,0,
2026-03-02 17:00,54d2da31efcd496eb0f178ac66780afd,65098b8c623f46aaa2d865aeea80e5a3,1,0,0,0,0,
2026-03-02 17:00,7803afd355fd4a4ca1e604cac992e64f,65098b8c623f46aaa2d865aeea80e5a3,1,0,0,0,0,
2026-03-02 06:00,df2f95f088594f128befdd563c9b8e83,beedcece52da467c9275216a26f4f0c6,1,0,0,0,0,
2026-03-02 06:00,7def45ba14c9410eace97fb076c5d224,beedcece52da467c9275216a26f4f0c6,1,0,0,0,0,
2026-03-02 06:00,1d9a50f4adce43b2a7e050aad2bae28c,beedcece52da467c9275216a26f4f0c6,1,0,0,0,0,
2026-03-02 06:00,71d6255e5b9e4db19ee49bfc84c5b815,beedcece52da467c9275216a26f4f0c6,1,0,0,0,0,
2026-03-02 06:00,7370691f862b48769cffb90da303ce59,beedcece52da467c9275216a26f4f0c6,1,0,0,0,0,
2026-03-02 06:00,075b1a37f468484c96ead5a541310bd3,beedcece52da467c9275216a26f4f0c6,1,0,0,0,0,
2026-03-02 06:00,6ad2e046ee3e458ba61ddbf93d7d4072,beedcece52da467c9275216a26f4f0c6,1,0,0,0,0,
2026-03-02 06:00,ca4dc83e15b644aea15fe1c5f77dd31b,beedcece52da467c9275216a26f4f0c6,1,0,0,0,0,
2026-03-02 06:00,67e09d7cd0ce425a885d5eb213fdd3d1,beedcece52da467c9275216a26f4f0c6,1,0,0,0,0,
2026-03-02 06:00,41f2f9ff92b9461db7c2e3376cbd3dff,beedcece52da467c9275216a26f4f0c6,1,0,0,0,0,
2026-03-02 06:00,a0c1900eb2474015a095faa73de2ce4c,beedcece52da467c9275216a26f4f0c6,1,0,0,0,0,
2026-03-02 06:00,dcd9bfc484344b658cd220bce2b13001,beedcece52da467c9275216a26f4f0c6,1,0,0,0,0,
2026-03-02 06:00,6911e9a9e5cf4487a6b4e2a6cd65eb1a,beedcece52da467c9275216a26f4f0c6,1,0,0,0,0,
2026-03-02 06:00,56e2957ceb7946b99085a5bd784ac51f,beedcece52da467c9275216a26f4f0c6,1,0,0,0,0,
2026-03-02 06:00,fa452e1301934964a9a4ed4497167032,beedcece52da467c9275216a26f4f0c6,1,0,0,0,0,
2026-03-02 06:00,e4f549ada30d432ba4968eb53bc4c900,beedcece52da467c9275216a26f4f0c6,1,0,0,0,0,
2026-03-02 06:00,f4bd26c49008485b92c08fcf5337e533,beedcece52da467c9275216a26f4f0c6,1,0,0,0,0,
2026-03-02 06:00,3af2cb587f5c413e9b8ea54cab24f0d0,beedcece52da467c9275216a26f4f0c6,1,0,0,0,0,
2026-03-02 06:00,d67133dcafbe4d0fb748b57d80968f33,beedcece52da467c9275216a26f4f0c6,2,0,0,0,0,gpt-5.3-codex-spark
2026-03-02 06:00,a45b8d2102c546b8995b6d348d510fd4,4668d6265d2143469429fc68b468a679,1,0,0,0,0,
2026-03-02 06:00,3f9021eb9ac74b5bb3fa5879fc045534,4668d6265d2143469429fc68b468a679,1,0,0,0,0,
2026-03-02 06:00,2925670ce51642d0a3a171c4ac126cc1,4668d6265d2143469429fc68b468a679,1,0,0,0,0,
2026-03-02 06:00,135df4fa0a814b56b216026b8c5caba9,4668d6265d2143469429fc68b468a679,1,0,0,0,0,
2026-03-02 06:00,ca3640a89e6240afbaccf8629076708d,4668d6265d2143469429fc68b468a679,1,0,0,0,0,
2026-03-02 06:00,4776a47f5d78457aa1fa912433f52bef,4668d6265d2143469429fc68b468a679,1,0,0,0,0,
2026-03-02 06:00,6f8ebc22c0b84c11a30144b83b6da49c,4668d6265d2143469429fc68b468a679,1,0,0,0,0,
2026-03-02 06:00,5825721521d540a68c4312382fbb1f90,4668d6265d2143469429fc68b468a679,1,0,0,0,0,
2026-03-02 06:00,9d756159ed064196b3e75ec9025f71bd,4668d6265d2143469429fc68b468a679,1,0,0,0,0,
2026-03-02 06:00,84279e5da36840abb005d858bbb9f5d6,4668d6265d2143469429fc68b468a679,1,0,0,0,0,
2026-03-02 06:00,5b5f4fc957374ff6b825a7796ae3f03c,4668d6265d2143469429fc68b468a679,1,0,0,0,0,
2026-03-02 06:00,d362a155f3d34b1ba7780f12c9074232,4668d6265d2143469429fc68b468a679,1,0,0,0,0,
2026-03-02 06:00,5da3658642974dfdbb7340ca20d6554d,4668d6265d2143469429fc68b468a679,1,0,0,0,0,
2026-03-02 06:00,a0d83c5acb844a04873e5a23239f9e0d,4668d6265d2143469429fc68b468a679,1,0,0,0,0,
2026-03-02 06:00,dfc4d11e6e9949cba8f3b9a488d13aa1,4668d6265d2143469429fc68b468a679,1,0,0,0,0,
2026-03-02 06:00,f5bc4bc3983b428594c1d5f00e38baa5,4668d6265d2143469429fc68b468a679,1,0,0,0,0,
2026-03-02 06:00,028386b1294b4b0fbd3505efe388be93,4668d6265d2143469429fc68b468a679,1,0,0,0,0,
2026-03-02 06:00,01a074cd42d341bf805cb2de3862f05d,4668d6265d2143469429fc68b468a679,1,0,0,0,0,
2026-03-02 06:00,18148b886f2a4876a34be8bd72994a1e,4668d6265d2143469429fc68b468a679,1,0,0,0,0,
2026-03-02 06:00,bfe08db2ebba43aea00b3937da42b184,4e2e7a4311bf4b60a664b03104fd33a8,1,0,0,0,0,
2026-03-02 06:00,adfaa28a62584f8b816c9b6f43e25790,4e2e7a4311bf4b60a664b03104fd33a8,1,0,0,0,0,
2026-03-02 06:00,ed0d40a9083a4ecc8d2482957ffe18e2,4e2e7a4311bf4b60a664b03104fd33a8,1,0,0,0,0,
2026-03-02 06:00,4700ed326fe044b19cd7fa6cf91a362c,4e2e7a4311bf4b60a664b03104fd33a8,1,0,0,0,0,
2026-03-02 06:00,18dc86beb1ba4f588f3a5f8e0f35f6e1,4e2e7a4311bf4b60a664b03104fd33a8,1,0,0,0,0,
2026-03-02 06:00,cb3b6d472e7244dcb38a94fc7b932d9b,4e2e7a4311bf4b60a664b03104fd33a8,1,0,0,0,0,
2026-03-02 06:00,d78a21ecfe20459e861282e1582cc8cf,4e2e7a4311bf4b60a664b03104fd33a8,1,0,0,0,0,
2026-03-02 06:00,9f2b10352e9046ecabfa5cb7c647c0eb,4e2e7a4311bf4b60a664b03104fd33a8,1,0,0,0,0,
2026-03-02 06:00,bc1e2dbaa1074917b3627829f5b6a644,4e2e7a4311bf4b60a664b03104fd33a8,1,0,0,0,0,
2026-03-02 06:00,3a38955d8d294f13b49b8b6a3e2e1b79,4e2e7a4311bf4b60a664b03104fd33a8,1,0,0,0,0,
2026-03-02 06:00,729b9485e4d04247b362e9ab0813c36c,4e2e7a4311bf4b60a664b03104fd33a8,1,0,0,0,0,
2026-03-02 06:00,2d8c1f64fa0a41d896db69c9d8d6b4b2,4e2e7a4311bf4b60a664b03104fd33a8,1,0,0,0,0,
2026-03-02 06:00,c128d91683c74d1183830502ec105904,4e2e7a4311bf4b60a664b03104fd33a8,1,0,0,0,0,
2026-03-02 06:00,b525fa6af79f47d5b272dac4569bc6a0,4e2e7a4311bf4b60a664b03104fd33a8,1,0,0,0,0,
2026-03-02 06:00,2cc01077a7ca40f289ebac53664756e7,4e2e7a4311bf4b60a664b03104fd33a8,1,0,0,0,0,
2026-03-02 06:00,1d0fd0c801d04509b20ff9c81dec5573,4e2e7a4311bf4b60a664b03104fd33a8,1,0,0,0,0,
2026-03-02 06:00,1a0ec0a92dcc4006b398b7d05ccfabc7,4e2e7a4311bf4b60a664b03104fd33a8,1,0,0,0,0,
2026-03-02 06:00,5188d6ee686d453b88edbdfff3dc7ae3,4e2e7a4311bf4b60a664b03104fd33a8,1,0,0,0,0,
2026-03-02 06:00,7c578eb5cee744dcbb14a75208399b96,4e2e7a4311bf4b60a664b03104fd33a8,1,0,0,0,0,
2026-03-02 06:00,da6699892a284852b3821574b0ad8c43,2455bb66868d4967891e7623cae4103b,1,0,0,0,0,
2026-03-02 06:00,f764c5ea55f84fe3958911f246393044,2455bb66868d4967891e7623cae4103b,1,0,0,0,0,
2026-03-02 06:00,9b9f294e81e94403afc2e78bf07d3ed0,2455bb66868d4967891e7623cae4103b,1,0,0,0,0,
2026-03-02 06:00,d409d257f7834f1eb9f48f162ee78f9e,2455bb66868d4967891e7623cae4103b,1,0,0,0,0,
2026-03-02 06:00,b16c740108824b66b53c375dca63d7eb,2455bb66868d4967891e7623cae4103b,1,0,0,0,0,
2026-03-02 06:00,d7f6d4b8236d4ce8a2a7fb45482083e5,2455bb66868d4967891e7623cae4103b,1,0,0,0,0,
2026-03-02 06:00,312acad64b9340a29834b2d6255c499f,2455bb66868d4967891e7623cae4103b,1,0,0,0,0,
2026-03-02 06:00,5856887d5fbf45d4ad1ed31b9b24f0d4,2455bb66868d4967891e7623cae4103b,1,0,0,0,0,
2026-03-02 06:00,ed52e6de019543199fccf43176fb9682,2455bb66868d4967891e7623cae4103b,1,0,0,0,0,
2026-03-02 06:00,8324edb145d54e71855eed1dcc798feb,2455bb66868d4967891e7623cae4103b,1,0,0,0,0,
2026-03-02 06:00,b2c7b0dea57f4414b2a25945f160206b,2455bb66868d4967891e7623cae4103b,1,0,0,0,0,
2026-03-02 06:00,3b3d3112ae734585ae6702d7fadf5eeb,2455bb66868d4967891e7623cae4103b,1,0,0,0,0,
2026-03-02 06:00,b0539025467647b38098758df7e3f216,2455bb66868d4967891e7623cae4103b,1,0,0,0,0,
2026-03-02 06:00,2736f538a66e4a9ba06529c2580bd402,2455bb66868d4967891e7623cae4103b,1,0,0,0,0,
2026-03-02 06:00,f1a4b4a0b6d842fea2a04448359d0d2a,2455bb66868d4967891e7623cae4103b,1,0,0,0,0,
2026-03-02 06:00,f629fe2df9454d1e8b29dd247856c7a0,2455bb66868d4967891e7623cae4103b,1,0,0,0,0,
2026-03-02 06:00,d8ed0f426a074179b5f8854eb766d063,2455bb66868d4967891e7623cae4103b,1,0,0,0,0,
2026-03-02 06:00,ec29fe78f9584beeadcd038ee54db4a5,2455bb66868d4967891e7623cae4103b,1,0,0,0,0,
2026-03-02 06:00,351cf75ab210473784abc632711ac376,2455bb66868d4967891e7623cae4103b,1,0,0,0,0,
2026-03-02 06:00,0643f7b370c5454fb8af58bc47a24148,2455bb66868d4967891e7623cae4103b,1,0,0,0,0,
2026-03-02 06:00,c415ebe7efc14b09b83984b7c946be15,2455bb66868d4967891e7623cae4103b,1,0,0,0,0,
2026-03-02 06:00,511446dc14ce4b9da0e3984ddfebe4f4,2455bb66868d4967891e7623cae4103b,1,0,0,0,0,
2026-03-02 06:00,463e8366dcb3432cafb0b45b79aea261,2455bb66868d4967891e7623cae4103b,1,0,0,0,0,
2026-03-02 06:00,fa2c55ec4e794050b7ebe363015524bf,2455bb66868d4967891e7623cae4103b,1,0,0,0,0,
2026-03-02 06:00,664764dae4e74ea9b3ce1efce8fc6388,2455bb66868d4967891e7623cae4103b,1,0,0,0,0,
2026-03-02 06:00,2da5e0e3d71041bd840df4392af3b02c,2455bb66868d4967891e7623cae4103b,1,0,0,0,0,
2026-03-02 06:00,078aa9875a7e4d9fb6ad6bb3dfb26832,2455bb66868d4967891e7623cae4103b,1,0,0,0,0,
2026-03-02 06:00,94787e3c12a6426a8a3d3971a7d8d815,2455bb66868d4967891e7623cae4103b,1,0,0,0,0,
2026-03-02 06:00,3ab435d40f914e4bbc29d477eb2f2304,2455bb66868d4967891e7623cae4103b,1,0,0,0,0,
2026-03-02 06:00,121e9c09a71347cbb3bc09b913ab9995,2455bb66868d4967891e7623cae4103b,1,0,0,0,0,
2026-03-02 06:00,37f5b8d2c37b4d1daec1f0066d14c049,2455bb66868d4967891e7623cae4103b,1,0,0,0,0,
2026-03-02 06:00,676a3965f530498196bb2c5b1c135525,2455bb66868d4967891e7623cae4103b,1,0,0,0,0,
2026-03-02 06:00,018f323bf8c64aae9ab958e83e192e79,2455bb66868d4967891e7623cae4103b,1,0,0,0,0,
2026-03-02 06:00,5021f16cb1e74a54a03c643803e1ef9c,2455bb66868d4967891e7623cae4103b,1,0,0,0,0,
2026-03-02 06:00,8b14bc96f1904053bbc309396441408e,2455bb66868d4967891e7623cae4103b,1,0,0,0,0,
2026-03-02 06:00,380babd119344a01b2438e7db2f76fbf,2455bb66868d4967891e7623cae4103b,1,0,0,0,0,
2026-03-02 06:00,81fee886cc3c42f099bf2142e3a4b648,2455bb66868d4967891e7623cae4103b,1,0,0,0,0,
2026-03-02 06:00,0359f339e57d4ce5a1497e050d8096cc,2455bb66868d4967891e7623cae4103b,1,0,0,0,0,
2026-03-02 06:00,4dfb09bc397a49a78766ecaf3990e70f,2455bb66868d4967891e7623cae4103b,1,0,0,0,0,
2026-03-02 06:00,701716694a9a4393877d3e74f4973af5,2455bb66868d4967891e7623cae4103b,1,0,0,0,0,
2026-03-02 06:00,091897cda41c4508b8fb4fffceee7c76,2455bb66868d4967891e7623cae4103b,1,0,0,0,0,
2026-03-02 06:00,01e3f4e0e63449cc9f96fdd6302baf76,2455bb66868d4967891e7623cae4103b,1,0,0,0,0,
2026-03-02 06:00,ea78a04d169247f78e4f3c40e835bfbe,2455bb66868d4967891e7623cae4103b,1,0,0,0,0,
2026-03-02 06:00,e3418abe827e4f8e86d9f0960ecb7313,2455bb66868d4967891e7623cae4103b,1,0,0,0,0,
2026-03-02 06:00,118801f42c78445e8d5ba44582bde606,2455bb66868d4967891e7623cae4103b,1,0,0,0,0,
2026-03-02 06:00,4e6ea51ef84545b7b47f4f5e1821389d,2455bb66868d4967891e7623cae4103b,1,0,0,0,0,
2026-03-02 06:00,a1f7bb69094f4333b59394f62188ce56,2455bb66868d4967891e7623cae4103b,1,0,0,0,0,
2026-03-02 06:00,934dd057f95e4292b0875655893e75d8,2455bb66868d4967891e7623cae4103b,1,0,0,0,0,
2026-03-02 06:00,dd9c8f775abf47f1946b40c0345da2b4,2455bb66868d4967891e7623cae4103b,1,0,0,0,0,
2026-03-02 06:00,2afe8516583c4625960d842947175b3d,2455bb66868d4967891e7623cae4103b,1,0,0,0,0,
2026-03-02 06:00,1b6764cec6974d7d9be18f7f03692a61,2455bb66868d4967891e7623cae4103b,1,0,0,0,0,
2026-03-02 06:00,d9416535b2e34df582070248cc8673bd,2455bb66868d4967891e7623cae4103b,1,0,0,0,0,
2026-03-02 06:00,198f341f862644118e6ce7710c4d04a3,2455bb66868d4967891e7623cae4103b,1,0,0,0,0,
2026-03-02 06:00,833c3e754ad041608834596c138e2656,2455bb66868d4967891e7623cae4103b,1,0,0,0,0,
2026-03-02 06:00,fce8eb359b1143248a9496158d616f31,2455bb66868d4967891e7623cae4103b,1,0,0,0,0,
2026-03-02 06:00,1ba522b214934a6b97209ea5f4d8ec8d,2455bb66868d4967891e7623cae4103b,1,0,0,0,0,
2026-03-02 06:00,53dd987391dc4cdc85d064a567815b0b,2455bb66868d4967891e7623cae4103b,1,0,0,0,0,
2026-03-02 06:00,57e8aef5727c4a5e96b97b3fb4d4229d,2455bb66868d4967891e7623cae4103b,1,0,0,0,0,
2026-03-02 06:00,88b5fc161b354ca5b629abaf8c589c19,2455bb66868d4967891e7623cae4103b,1,0,0,0,0,
2026-03-02 06:00,56075fa64b0a443ca00a76f80eb86fa4,2455bb66868d4967891e7623cae4103b,1,0,0,0,0,
2026-03-02 06:00,f44c0f3214994a54b65aa6f48bef0df8,2455bb66868d4967891e7623cae4103b,1,0,0,0,0,
2026-03-02 06:00,7c6ccff4335345519cd96263137d8278,2455bb66868d4967891e7623cae4103b,1,0,0,0,0,
2026-03-02 06:00,399a138b8fc64a958d4c3055dcdbcd73,aca1c3b9dc144d859d2f5ae1800ec700,1,0,0,0,0,
2026-03-02 06:00,34ccc9715b9249d68edd6bb20835a3bb,aca1c3b9dc144d859d2f5ae1800ec700,1,0,0,0,0,
2026-03-02 06:00,6fca19c03a424730bb81f778af3b7496,aca1c3b9dc144d859d2f5ae1800ec700,1,0,0,0,0,
2026-03-02 06:00,a3b114a47a864dbfa7e193816584a9e2,aca1c3b9dc144d859d2f5ae1800ec700,1,0,0,0,0,
2026-03-02 06:00,44ea82c745724fe0b57a93e7092691c3,aca1c3b9dc144d859d2f5ae1800ec700,1,0,0,0,0,
2026-03-02 06:00,2307b138202a455a832879e233b234ed,aca1c3b9dc144d859d2f5ae1800ec700,1,0,0,0,0,
2026-03-02 06:00,84028848f57c4140b5c9d8fe877db0ed,aca1c3b9dc144d859d2f5ae1800ec700,1,0,0,0,0,
2026-03-02 06:00,6c2c6795dff3461bbdcb740558f99ada,aca1c3b9dc144d859d2f5ae1800ec700,1,0,0,0,0,
2026-03-02 06:00,1d1c770797274eda9c8afb08dbd7f299,aca1c3b9dc144d859d2f5ae1800ec700,1,0,0,0,0,
2026-03-02 06:00,f7209cab57f741768bf4244d8519a2d9,aca1c3b9dc144d859d2f5ae1800ec700,1,0,0,0,0,
2026-03-02 06:00,90757df3e4884666ae886fa1352dad07,aca1c3b9dc144d859d2f5ae1800ec700,1,0,0,0,0,
2026-03-02 06:00,24d98d1f715e4b29bc963bc62279aa5b,aca1c3b9dc144d859d2f5ae1800ec700,1,0,0,0,0,
2026-03-02 06:00,84e6aa6669a2441795add874c0bbd175,aca1c3b9dc144d859d2f5ae1800ec700,1,0,0,0,0,
2026-03-02 06:00,53a3f218bd8f4c81bed2a9552930f946,aca1c3b9dc144d859d2f5ae1800ec700,1,0,0,0,0,
2026-03-02 06:00,86479261aa684fd781885cee86c0a67f,aca1c3b9dc144d859d2f5ae1800ec700,1,0,0,0,0,
2026-03-02 06:00,8caa47dab3b64b0cb49e597ece9e65db,aca1c3b9dc144d859d2f5ae1800ec700,1,0,0,0,0,
2026-03-02 06:00,dd31079d802c45adb8496d8ce480b4c1,aca1c3b9dc144d859d2f5ae1800ec700,1,0,0,0,0,
2026-03-02 06:00,a6c38694518b42debac9cc7ae63b8a9e,aca1c3b9dc144d859d2f5ae1800ec700,1,0,0,0,0,
2026-03-02 06:00,11f2d74a5103498f9152a5f488d661c8,aca1c3b9dc144d859d2f5ae1800ec700,1,0,0,0,0,
2026-03-02 06:00,b20ce8de1c5a47119c536b8370fe40d2,aca1c3b9dc144d859d2f5ae1800ec700,1,0,0,0,0,
2026-03-02 06:00,c19a70375a20456db06971056a14e017,aca1c3b9dc144d859d2f5ae1800ec700,1,0,0,0,0,
2026-03-02 06:00,c66c4fd352b14cb1ba2ac1aa8f294839,aca1c3b9dc144d859d2f5ae1800ec700,1,0,0,0,0,
2026-03-02 06:00,d8d4342e05334e58b0762bfe733d4b13,aca1c3b9dc144d859d2f5ae1800ec700,1,0,0,0,0,
2026-03-02 06:00,6a027069be4f4ad3baf64e4f4568cbae,aca1c3b9dc144d859d2f5ae1800ec700,1,0,0,0,0,
2026-03-02 06:00,2d7bd53262bb4af08d4591ca5add8075,aca1c3b9dc144d859d2f5ae1800ec700,1,0,0,0,0,
2026-03-02 06:00,34495727be2b4ee4aa6758727e81b449,aca1c3b9dc144d859d2f5ae1800ec700,1,0,0,0,0,
2026-03-02 06:00,e7e66ef0d7354a63becb026dfc50b0e2,aca1c3b9dc144d859d2f5ae1800ec700,1,0,0,0,0,
2026-03-02 06:00,0226290ed2a544658d33d031f80306eb,aca1c3b9dc144d859d2f5ae1800ec700,1,0,0,0,0,
2026-03-02 06:00,6a0e4a5799d94a19ae865a6ffb255764,aca1c3b9dc144d859d2f5ae1800ec700,1,0,0,0,0,
2026-03-02 06:00,15e609f8e0b94bf1b0580f7b717d4b1b,aca1c3b9dc144d859d2f5ae1800ec700,1,0,0,0,0,
2026-03-02 06:00,3f8e7323b6dc4b2a97c455cbff36b40f,aca1c3b9dc144d859d2f5ae1800ec700,1,0,0,0,0,
2026-03-02 06:00,fa956c1056f8463db93f9b364af41c4d,aca1c3b9dc144d859d2f5ae1800ec700,1,0,0,0,0,
2026-03-02 06:00,e46a5c0261c54d45a55cd7c70b7caf70,aca1c3b9dc144d859d2f5ae1800ec700,1,0,0,0,0,
2026-03-02 06:00,1002d859da684193a43849a0cf12dcff,aca1c3b9dc144d859d2f5ae1800ec700,1,0,0,0,0,
2026-03-02 06:00,148eaf0e1a764e36a63637d6af5f8369,aca1c3b9dc144d859d2f5ae1800ec700,1,0,0,0,0,
2026-03-02 06:00,5a3bcac6ec60458ca2853119a4e7845a,aca1c3b9dc144d859d2f5ae1800ec700,1,0,0,0,0,
2026-03-02 06:00,7c596ad530e746a7941f775d52c6df5f,aca1c3b9dc144d859d2f5ae1800ec700,1,0,0,0,0,
2026-03-02 06:00,27fddd036e1a4979901e1072f553049c,aca1c3b9dc144d859d2f5ae1800ec700,1,0,0,0,0,
2026-03-02 06:00,519ab7a1a00f4852ac7144d35e07c82b,aca1c3b9dc144d859d2f5ae1800ec700,1,0,0,0,0,
2026-03-02 06:00,66ae55e0db144779a47d8ea1eec293fb,aca1c3b9dc144d859d2f5ae1800ec700,1,0,0,0,0,
2026-03-02 06:00,9293d60fb42846ab942ceb008e5f4f84,aca1c3b9dc144d859d2f5ae1800ec700,1,0,0,0,0,
2026-03-02 06:00,d20d89f4fdcd4e8790322b378b61fa0f,aca1c3b9dc144d859d2f5ae1800ec700,1,0,0,0,0,
2026-03-02 06:00,b424f1ff6bdc45acb4f1d92d45ebccb0,b93d2d72f7b14697867c217ddd107117,1,0,0,0,0,
2026-03-02 06:00,7b65e5542b8843dc90c457380147acf2,b93d2d72f7b14697867c217ddd107117,1,0,0,0,0,
2026-03-02 06:00,4ac5ebb264fe4b87a19199a3ed215335,b93d2d72f7b14697867c217ddd107117,1,0,0,0,0,
2026-03-02 06:00,fe78f73574ed4b4baa0a79663fbfdab4,b93d2d72f7b14697867c217ddd107117,1,0,0,0,0,
2026-03-02 06:00,e209e861302548869b4d40256a895a08,b93d2d72f7b14697867c217ddd107117,1,0,0,0,0,
2026-03-02 06:00,dd749a1917074a12a5445ffa5a5fd117,b93d2d72f7b14697867c217ddd107117,1,0,0,0,0,
2026-03-02 06:00,50f6b19e3c154524a4abff8bd126d44a,b93d2d72f7b14697867c217ddd107117,1,0,0,0,0,
2026-03-02 06:00,8e82d9643502407dbf48fa0fd1dee845,b93d2d72f7b14697867c217ddd107117,1,0,0,0,0,
2026-03-02 06:00,503d984a7c894121a7e3266a2ad1d0f4,b93d2d72f7b14697867c217ddd107117,1,0,0,0,0,
2026-03-02 06:00,ebf92c612a8947e6adc9fd534475ad34,b93d2d72f7b14697867c217ddd107117,1,0,0,0,0,
2026-03-02 06:00,c8c9104fc896423290058380684fd8fe,b93d2d72f7b14697867c217ddd107117,1,0,0,0,0,
2026-03-02 06:00,2b03d0cc6cb044da9b502bac93ea926d,b93d2d72f7b14697867c217ddd107117,1,0,0,0,0,
2026-03-02 06:00,635e5e9356614865810179245a9ca8da,b93d2d72f7b14697867c217ddd107117,1,0,0,0,0,
2026-03-02 06:00,dff7b4d7c61e4c4ca1941de7bd1ee7de,b93d2d72f7b14697867c217ddd107117,1,0,0,0,0,
2026-03-02 06:00,37811f0a67904b92b4cbfd2398bd09f8,b93d2d72f7b14697867c217ddd107117,1,0,0,0,0,
2026-03-02 06:00,70f6634e187d4795bc21721862f19004,b93d2d72f7b14697867c217ddd107117,1,0,0,0,0,
2026-03-02 06:00,3dd7a404feeb4aad9fa2b41cf508f4d2,b93d2d72f7b14697867c217ddd107117,2,0,0,0,0,gpt-5.3-codex-spark
2026-03-02 06:00,cb164f3c3c594439b8abaa6f84d24492,b93d2d72f7b14697867c217ddd107117,1,0,0,0,0,
2026-03-02 06:00,1ec9515fb44e42cc802c97bce2d06699,b93d2d72f7b14697867c217ddd107117,1,0,0,0,0,
2026-03-02 06:00,92ec8728cf424f5fab05562549790450,b93d2d72f7b14697867c217ddd107117,1,0,0,0,0,
2026-03-02 06:00,d7ed6170bf884d9f906a86ca33ea0746,b93d2d72f7b14697867c217ddd107117,1,0,0,0,0,
2026-03-02 06:00,d83fc0a6f543425babae7300763fb8ed,b93d2d72f7b14697867c217ddd107117,1,0,0,0,0,
2026-03-02 06:00,f7ffbbdaa8f147fda16e6fb1062afb65,b93d2d72f7b14697867c217ddd107117,1,0,0,0,0,
2026-03-02 06:00,35efef9b725946348d7ccb4151c8cce3,b93d2d72f7b14697867c217ddd107117,1,0,0,0,0,
2026-03-02 06:00,0faab171ba2340908efdadeb8faab0e5,b93d2d72f7b14697867c217ddd107117,1,0,0,0,0,
2026-03-02 06:00,ed854b246bf34159a76eaa386d7acd91,b93d2d72f7b14697867c217ddd107117,1,0,0,0,0,
2026-03-02 06:00,f279e677ca7e4a12bcd03703ed050896,b93d2d72f7b14697867c217ddd107117,1,0,0,0,0,
2026-03-02 06:00,666c5f0db5ce4d4bb8d8146fa8428a6f,b93d2d72f7b14697867c217ddd107117,1,0,0,0,0,
2026-03-02 06:00,73eded0cb55b49fcb651cb6bfcb5f7a5,b93d2d72f7b14697867c217ddd107117,1,0,0,0,0,
2026-03-02 06:00,e91da4a5278646c1865f55098bb6f7bd,b93d2d72f7b14697867c217ddd107117,1,0,0,0,0,
2026-03-02 06:00,15cc7f27f989443cbd07ce9d6208dcb5,b93d2d72f7b14697867c217ddd107117,1,0,0,0,0,
2026-03-02 06:00,a4819978fe034a17b6c3b459d7723768,b93d2d72f7b14697867c217ddd107117,1,0,0,0,0,
2026-03-02 06:00,33a44b93a91545f89b96c017399a799b,b93d2d72f7b14697867c217ddd107117,1,0,0,0,0,
2026-03-02 06:00,f544d242188c414da9e3da6ef976abd1,b93d2d72f7b14697867c217ddd107117,1,0,0,0,0,
2026-03-02 06:00,4bd2eef27fd141699d760e7771a6852d,b93d2d72f7b14697867c217ddd107117,1,0,0,0,0,
2026-03-02 06:00,39d93953994a413fab5fcec386e96ee6,b93d2d72f7b14697867c217ddd107117,1,0,0,0,0,
2026-03-02 06:00,dc5d4f5880be4f82982907ca63674a33,b93d2d72f7b14697867c217ddd107117,1,0,0,0,0,
2026-03-02 06:00,3d7ecf6eb94c4f07bdfa8340ffecc885,b93d2d72f7b14697867c217ddd107117,2,0,0,0,0,gpt-5.3-codex-spark
2026-03-02 06:00,c78e87ec498f46b0b95e4e7b7e6e670a,b93d2d72f7b14697867c217ddd107117,2,0,0,0,0,gpt-5.3-codex-spark
2026-03-02 05:00,3451a1bd2dfd4eaca1f028bbca712ccd,ef9b10e134eb47b7914fececd4479e92,1,0,0,0,0,
2026-03-02 05:00,73fa899f5ff1401db992f2001b00e8fa,ef9b10e134eb47b7914fececd4479e92,1,0,0,0,0,
2026-03-02 05:00,b794322f654641909c45643942cf0d7b,ef9b10e134eb47b7914fececd4479e92,1,0,0,0,0,
2026-03-02 05:00,24afd738df8c4f3c864cf048f7b50a7b,ef9b10e134eb47b7914fececd4479e92,1,0,0,0,0,
2026-03-02 05:00,dbfa0850cff545478066caa8cd4c499b,ef9b10e134eb47b7914fececd4479e92,1,0,0,0,0,
2026-03-02 05:00,6e59777c27ae426aa82a3bfb39ed043b,ef9b10e134eb47b7914fececd4479e92,1,0,0,0,0,
2026-03-02 05:00,ec86199e6c0a4591a1f6f1f4e4f0baaf,ef9b10e134eb47b7914fececd4479e92,1,0,0,0,0,
2026-03-02 05:00,6bfcde7ec7db4eabbaf75d7632297948,ef9b10e134eb47b7914fececd4479e92,1,0,0,0,0,
2026-03-02 05:00,3777491ff9ff438898b7c9323636a269,ef9b10e134eb47b7914fececd4479e92,1,0,0,0,0,
2026-03-02 05:00,0470c8101478449f9dbd37c35e783d0d,ef9b10e134eb47b7914fececd4479e92,1,0,0,0,0,
2026-03-02 05:00,a47dc1de793441e2abab88029b80c880,ef9b10e134eb47b7914fececd4479e92,1,0,0,0,0,
2026-03-02 05:00,cfb9cec65c6a4ddaa5f2a03bd602e312,ef9b10e134eb47b7914fececd4479e92,1,0,0,0,0,
2026-03-02 05:00,130ba82acd064491ae98e4bf745341f9,ef9b10e134eb47b7914fececd4479e92,1,0,0,0,0,
2026-03-02 05:00,ff00fa041daf4565937a441257f7b619,ef9b10e134eb47b7914fececd4479e92,1,0,0,0,0,
2026-03-02 05:00,707f65a9c3084151a87dcd7f0d62b5f8,ef9b10e134eb47b7914fececd4479e92,1,0,0,0,0,
2026-03-02 05:00,5734bd86f8f64b568c925c5e64f790a9,ef9b10e134eb47b7914fececd4479e92,1,0,0,0,0,
2026-03-02 05:00,0842cc4be9d74fd9959f7a6075d6bd4a,ef9b10e134eb47b7914fececd4479e92,1,0,0,0,0,
2026-03-02 05:00,542a70b471314688b45b9f02c20d5c62,ef9b10e134eb47b7914fececd4479e92,1,0,0,0,0,
2026-03-02 05:00,b56c676558bf48d0b5dc9b09e0a6dfe3,ef9b10e134eb47b7914fececd4479e92,1,0,0,0,0,
2026-03-02 05:00,48fca4bc428b42608c2657770c11055f,13cfd19ea3a14fb3b75589182cf5b75d,3,0,0,0,0,gpt-5.3-codex-spark
2026-03-02 05:00,e2bd8481e3874dcca2ef3fd95c96f9cb,13cfd19ea3a14fb3b75589182cf5b75d,3,0,0,0,0,gpt-5.3-codex-spark
2026-03-02 05:00,324d979607a54882a5068b40c48c4bbe,13cfd19ea3a14fb3b75589182cf5b75d,3,0,0,0,0,gpt-5.3-codex-spark
2026-03-02 05:00,e5d5a71d5bf741319a896b5ad638746e,13cfd19ea3a14fb3b75589182cf5b75d,3,0,0,0,0,gpt-5.3-codex-spark
2026-03-02 05:00,02bc031793284bb7adea10d3ce1a349d,13cfd19ea3a14fb3b75589182cf5b75d,3,0,0,0,0,gpt-5.3-codex-spark
2026-03-02 05:00,77d630797d64495598cd7cf603428df2,13cfd19ea3a14fb3b75589182cf5b75d,3,0,0,0,0,gpt-5.3-codex-spark
2026-03-02 05:00,dd23ce5e080040a6927f42a6b9f59f6b,13cfd19ea3a14fb3b75589182cf5b75d,3,0,0,0,0,gpt-5.3-codex-spark
2026-03-02 05:00,0bbbc424005c4abdbd0c0cb0840606d9,13cfd19ea3a14fb3b75589182cf5b75d,3,0,0,0,0,gpt-5.3-codex-spark
2026-03-02 05:00,64d0960ff25644f4a32a7314c979cd9c,13cfd19ea3a14fb3b75589182cf5b75d,3,0,0,0,0,gpt-5.3-codex-spark
2026-03-02 05:00,26f49d8f3a094422801ade9882a35bd6,13cfd19ea3a14fb3b75589182cf5b75d,3,0,0,0,0,gpt-5.3-codex-spark
2026-03-02 05:00,e4dd718766804f069e19279012c7a669,13cfd19ea3a14fb3b75589182cf5b75d,3,0,0,0,0,gpt-5.3-codex-spark
2026-03-02 05:00,0831c7aa051c41139004095cd26694a5,13cfd19ea3a14fb3b75589182cf5b75d,3,0,0,0,0,gpt-5.3-codex-spark
2026-03-02 05:00,4c781abd86f741a180b1933befca46be,13cfd19ea3a14fb3b75589182cf5b75d,3,0,0,0,0,gpt-5.3-codex-spark
2026-03-02 05:00,fd276d79a0334079a1ee7799f4ce6063,13cfd19ea3a14fb3b75589182cf5b75d,3,0,0,0,0,gpt-5.3-codex-spark
2026-03-02 05:00,9ea5d13a67d44635927c2eed5bb9e9a5,13cfd19ea3a14fb3b75589182cf5b75d,3,0,0,0,0,gpt-5.3-codex-spark
2026-03-02 05:00,9f5f828db8904b8894b4a5d9f35c846a,13cfd19ea3a14fb3b75589182cf5b75d,3,0,0,0,0,gpt-5.3-codex-spark
2026-03-02 05:00,a23b832028c349c8b4bd2edeb8691d8a,13cfd19ea3a14fb3b75589182cf5b75d,3,0,0,0,0,gpt-5.3-codex-spark
2026-03-02 05:00,57a2200243624ccf8ee9f69431afa2e4,13cfd19ea3a14fb3b75589182cf5b75d,3,0,0,0,0,gpt-5.3-codex-spark
2026-03-02 05:00,930a686b07e54cf1be0d50a31bde7fda,91404955e62740b6a193e472198c6858,3,0,0,0,0,
2026-03-02 05:00,fb933d093f05425196d33448fb777687,91404955e62740b6a193e472198c6858,3,0,0,0,0,
2026-03-02 05:00,75e6e74c85dc4337a109e3cb8650e8cf,91404955e62740b6a193e472198c6858,3,0,0,0,0,
2026-03-02 05:00,bee9d30e44264433a23840c7492f900c,91404955e62740b6a193e472198c6858,3,0,0,0,0,
2026-03-02 05:00,2fec6e468a104bb8b71c8ee864be6ae8,91404955e62740b6a193e472198c6858,3,0,0,0,0,
2026-03-02 05:00,d99a457d9c5e464b99c19116c9b9f0f7,91404955e62740b6a193e472198c6858,3,0,0,0,0,
2026-03-02 05:00,c0b4fcb41be94cefbf2bec7f45d82995,91404955e62740b6a193e472198c6858,3,0,0,0,0,
2026-03-02 05:00,d82cb15dee454cea98a67171edbb6679,91404955e62740b6a193e472198c6858,3,0,0,0,0,
2026-03-02 05:00,fd5d1ee754654421a0326ac7b4cb49b6,91404955e62740b6a193e472198c6858,3,0,0,0,0,
2026-03-02 05:00,b9258dd7ea774be791bf5554f9171c8c,91404955e62740b6a193e472198c6858,3,0,0,0,0,
2026-03-02 05:00,b0dfb3ae558a4bd7a0776d02a1060aae,91404955e62740b6a193e472198c6858,3,0,0,0,0,
2026-03-02 05:00,6a1814960147446e8daffe2c3cd2af2f,91404955e62740b6a193e472198c6858,3,0,0,0,0,
2026-03-02 05:00,fe2a2b3f12834db48995c47b83fcaae0,91404955e62740b6a193e472198c6858,3,0,0,0,0,
2026-03-02 05:00,be3f68764840494690c30f6a2bd8fe30,91404955e62740b6a193e472198c6858,3,0,0,0,0,
2026-03-02 05:00,85de1ded83cd416fab3a0357b112e84b,91404955e62740b6a193e472198c6858,3,0,0,0,0,
2026-03-02 05:00,c461f1917c494e27af525f0bca642a31,91404955e62740b6a193e472198c6858,3,0,0,0,0,
2026-03-02 05:00,155aaf4151e8412daaaa4beec1cbb736,91404955e62740b6a193e472198c6858,3,0,0,0,0,
2026-03-02 05:00,e0eea51359d646dd83061ce9ec63d70d,91404955e62740b6a193e472198c6858,3,0,0,0,0,
2026-03-02 05:00,488496eb3d634fd2986c8d9d84a5ff9a,91404955e62740b6a193e472198c6858,3,0,0,0,0,
2026-02-28 07:00,1ce683a574bb4abcb935ef0257f2107a,recipe.chunking.v1,84,6947199,6683631,263568,5745536,gpt-5.3-codex-spark
2026-02-28 07:00,162bd1a22b62471d909b52e421c4e9c5,recipe.schemaorg.v1,216,0,0,0,0,gpt-5.3-codex-spark
